id,x,y,z,deadline,sf,gateways,windowlength,slotlength,slotnumber
1,500,21404,0,201,12,3,699,14,170
2,21753,1513,0,529,12,2,699,14,383
3,21851,2908,0,217,12,2,699,14,157
6,19854,20701,0,468,12,4,699,14,623
11,16588,19351,0,467,12,4,699,14,621
12,17913,19324,0,312,12,4,699,14,548
14,4108,409,0,312,12,1,699,14,318
16,14669,21692,0,402,12,4,699,14,589
22,200,14452,0,628,12,3,699,14,543
23,2133,7464,0,273,12,1,699,14,267
25,21382,14001,0,683,12,4,699,14,694
26,15683,21658,0,24,12,4,699,14,29
29,7341,861,0,358,12,1,699,14,368
30,7257,2502,0,394,12,1,699,14,409
31,17657,18734,0,177,12,4,699,14,310
33,15249,19449,0,427,12,4,699,14,603
34,16916,19344,0,262,12,4,699,14,413
37,5047,6438,0,262,12,1,699,14,256
38,243,16972,0,334,12,3,699,14,293
47,16104,3290,0,685,12,2,699,14,511
48,3115,714,0,257,12,1,699,14,252
50,294,20160,0,250,12,3,699,14,229
51,17504,5719,0,66,12,2,699,14,30
53,5906,1806,0,49,12,1,699,14,54
56,5120,17234,0,204,12,3,699,14,173
60,924,3668,0,113,12,1,699,14,117
61,5830,5086,0,274,12,1,699,14,269
65,3524,16509,0,439,12,3,699,14,373
67,18031,1477,0,164,12,2,699,14,116
68,18771,5180,0,361,12,2,699,14,253
69,21775,4213,0,268,12,2,699,14,185
70,18237,1240,0,184,12,2,699,14,124
72,17426,19982,0,641,12,4,699,14,681
73,16138,6051,0,569,12,2,699,14,414
76,4190,1800,0,254,12,1,699,14,249
77,2676,15265,0,404,12,3,699,14,333
79,615,21370,0,60,12,3,699,14,49
81,868,16522,0,492,12,3,699,14,423
82,20090,4660,0,294,12,2,699,14,207
83,7188,3145,0,54,12,1,699,14,64
84,5291,6105,0,50,12,1,699,14,59
88,3325,19673,0,26,12,3,699,14,12
89,6252,3976,0,67,12,1,699,14,74
90,14784,19862,0,282,12,4,699,14,446
91,18341,2854,0,45,12,2,699,14,22
93,14951,21818,0,178,12,4,699,14,313
94,17334,18141,0,29,12,4,699,14,44
95,3415,4489,0,305,12,1,699,14,304
97,15457,1971,0,137,12,2,699,14,96
100,16960,5285,0,591,12,2,699,14,436
103,858,8509,0,553,12,1,699,14,549
104,15738,18792,0,315,12,4,699,14,549
106,18828,14780,0,497,12,4,699,14,641
110,20409,15476,0,288,12,4,699,14,489
112,7776,3099,0,378,12,1,699,14,393
113,16079,16700,0,294,12,4,699,14,498
114,20578,6759,0,201,12,2,699,14,143
115,4580,18584,0,561,12,3,699,14,485
116,18377,21304,0,16,12,4,699,14,13
119,2481,18308,0,548,12,3,699,14,477
129,17409,5326,0,402,12,2,699,14,286
131,21799,6021,0,298,12,2,699,14,208
132,18439,284,0,614,12,2,699,14,459
134,16562,4020,0,237,12,2,699,14,173
141,4539,17699,0,469,12,3,699,14,405
143,385,390,0,547,12,1,699,14,543
146,8122,1877,0,184,12,1,699,14,179
147,2997,1218,0,6,12,1,699,14,5
148,13917,102,0,648,12,2,699,14,482
151,6770,3394,0,355,12,1,699,14,363
152,19108,21510,0,494,12,4,699,14,638
156,20251,349,0,667,12,2,699,14,498
157,4361,4063,0,530,12,1,699,14,531
159,1938,7556,0,643,12,1,699,14,641
163,20418,16596,0,310,12,4,699,14,546
171,15386,20083,0,27,12,4,699,14,40
173,17626,15537,0,368,12,4,699,14,564
174,6315,17959,0,70,12,3,699,14,53
181,19118,17737,0,419,12,4,699,14,602
184,17877,3453,0,562,12,2,699,14,412
185,1458,5122,0,48,12,1,699,14,52
190,19862,18073,0,172,12,4,699,14,290
192,4341,2478,0,276,12,1,699,14,273
197,21311,20350,0,26,12,4,699,14,39
200,8512,1783,0,379,12,1,699,14,396
204,17068,663,0,582,12,2,699,14,422
205,4320,4027,0,431,12,1,699,14,436
209,3199,16979,0,619,12,3,699,14,528
210,18081,20577,0,225,12,4,699,14,373
212,5773,20654,0,493,12,3,699,14,424
213,19588,17078,0,301,12,4,699,14,537
214,21586,14646,0,622,12,4,699,14,672
216,3683,15494,0,679,12,3,699,14,578
219,1982,5333,0,459,12,1,699,14,465
221,1176,1255,0,13,12,1,699,14,12
225,1683,21477,0,466,12,3,699,14,402
226,6276,6405,0,554,12,1,699,14,551
229,7283,20606,0,565,12,3,699,14,490
232,6157,18926,0,290,12,3,699,14,249
233,4323,17401,0,699,12,3,699,14,595
234,8121,7542,0,437,12,1,699,14,445
236,4192,20997,0,418,12,3,699,14,350
237,5445,17075,0,76,12,3,699,14,60
238,13818,21296,0,44,12,4,699,14,70
242,16603,2544,0,114,12,2,699,14,66
243,7367,5750,0,544,12,1,699,14,539
244,7590,3091,0,265,12,1,699,14,260
246,21644,7717,0,136,12,2,699,14,90
255,2806,749,0,20,12,1,699,14,19
258,20624,317,0,365,12,2,699,14,262
260,6036,17358,0,353,12,3,699,14,300
264,20933,19758,0,63,12,4,699,14,91
268,14725,16961,0,18,12,4,699,14,22
270,21460,14631,0,687,12,4,699,14,696
273,7185,3855,0,499,12,1,699,14,503
274,20813,20187,0,561,12,4,699,14,654
275,15225,18391,0,427,12,4,699,14,604
276,7227,7424,0,525,12,1,699,14,526
278,16264,1613,0,582,12,2,699,14,425
279,18107,16196,0,17,12,4,699,14,16
280,1451,21847,0,248,12,3,699,14,221
281,945,7575,0,581,12,1,699,14,574
283,71,18955,0,628,12,3,699,14,544
289,14898,14741,0,218,12,4,699,14,365
297,1092,6061,0,322,12,1,699,14,333
298,21289,21443,0,429,12,4,699,14,605
299,17863,15611,0,393,12,4,699,14,582
300,18932,6660,0,545,12,2,699,14,390
301,2561,3471,0,570,12,1,699,14,566
302,16675,19925,0,45,12,4,699,14,86
303,19759,16305,0,378,12,4,699,14,571
304,15474,21134,0,118,12,4,699,14,165
305,19649,15819,0,51,12,4,699,14,90
313,18049,717,0,401,12,2,699,14,285
315,20037,4835,0,578,12,2,699,14,419
318,20710,6871,0,566,12,2,699,14,413
320,6255,3636,0,159,12,1,699,14,159
324,21710,13710,0,682,12,4,699,14,692
325,2029,18413,0,557,12,3,699,14,483
329,17522,15474,0,597,12,4,699,14,665
332,623,15653,0,445,12,3,699,14,380
335,17816,19584,0,598,12,4,699,14,666
336,17988,17369,0,176,12,4,699,14,308
338,20912,2733,0,172,12,2,699,14,121
347,19559,17734,0,584,12,4,699,14,659
348,7961,7258,0,53,12,1,699,14,62
354,13568,107,0,546,12,2,699,14,393
355,16557,6305,0,278,12,2,699,14,197
356,15352,20815,0,495,12,4,699,14,639
358,16634,3981,0,433,12,2,699,14,315
361,6460,15581,0,226,12,3,699,14,196
363,3470,3166,0,645,12,1,699,14,646
364,1677,5960,0,368,12,1,699,14,384
365,7928,6213,0,464,12,1,699,14,473
367,5590,773,0,366,12,1,699,14,379
375,2144,3064,0,309,12,1,699,14,314
376,7,17407,0,33,12,3,699,14,32
377,6805,616,0,279,12,1,699,14,277
378,8356,804,0,320,12,1,699,14,332
379,4668,15014,0,477,12,3,699,14,420
380,8338,1755,0,48,12,1,699,14,53
382,14178,18910,0,264,12,4,699,14,414
383,5858,20453,0,32,12,3,699,14,29
384,3683,6809,0,198,12,1,699,14,187
385,17049,14843,0,380,12,4,699,14,574
388,4398,1502,0,342,12,1,699,14,350
389,7112,5989,0,101,12,1,699,14,104
390,2983,14672,0,208,12,3,699,14,179
391,10,15302,0,405,12,3,699,14,334
392,18140,3809,0,515,12,2,699,14,373
393,285,8018,0,443,12,1,699,14,451
396,16503,4178,0,50,12,2,699,14,25
402,6230,389,0,253,12,1,699,14,246
403,17068,15314,0,429,12,4,699,14,606
405,17248,33,0,482,12,2,699,14,353
408,7295,5942,0,29,12,1,699,14,33
413,20481,2320,0,390,12,2,699,14,279
416,6007,20401,0,175,12,3,699,14,138
418,1772,5273,0,696,12,1,699,14,689
419,609,7440,0,602,12,1,699,14,593
420,20828,197,0,113,12,2,699,14,63
421,6691,2365,0,460,12,1,699,14,467
423,19733,18307,0,524,12,4,699,14,644
424,17616,582,0,323,12,2,699,14,227
425,15177,5088,0,424,12,2,699,14,308
426,3470,6599,0,245,12,1,699,14,236
428,21192,19848,0,402,12,4,699,14,591
432,13613,394,0,330,12,2,699,14,233
440,18737,1228,0,524,12,2,699,14,379
441,7922,5483,0,180,12,1,699,14,172
442,19770,18616,0,450,12,4,699,14,613
448,6331,18377,0,93,12,3,699,14,72
449,17907,4170,0,587,12,2,699,14,431
450,21024,2567,0,605,12,2,699,14,449
455,21886,7245,0,657,12,2,699,14,492
457,6282,18731,0,109,12,3,699,14,79
462,18492,2004,0,309,12,2,699,14,220
464,17656,15213,0,676,12,4,699,14,689
465,17847,16397,0,282,12,4,699,14,459
468,3581,171,0,210,12,1,699,14,204
469,879,2195,0,529,12,1,699,14,530
472,8999,290,0,591,12,1,699,14,582
473,21706,14015,0,19,12,4,699,14,23
478,15899,20018,0,613,12,4,699,14,669
481,16997,3672,0,136,12,2,699,14,91
482,14971,16419,0,117,12,4,699,14,155
483,6217,17639,0,71,12,3,699,14,54
484,2622,5743,0,472,12,1,699,14,480
485,15562,15520,0,692,12,4,699,14,697
488,7408,2097,0,250,12,1,699,14,242
492,2265,6267,0,125,12,1,699,14,132
493,5539,675,0,310,12,1,699,14,316
496,6375,21893,0,328,12,3,699,14,278
498,15169,17099,0,144,12,4,699,14,233
499,4031,1504,0,698,12,1,699,14,690
500,16135,6023,0,422,12,2,699,14,304
501,18997,4482,0,305,12,2,699,14,216
504,21132,914,0,161,12,2,699,14,112
506,4370,16049,0,231,12,3,699,14,200
510,20079,2103,0,411,12,2,699,14,295
513,16537,4690,0,100,12,2,699,14,59
516,16031,2733,0,366,12,2,699,14,269
517,17729,20039,0,271,12,4,699,14,443
520,259,20265,0,57,12,3,699,14,48
521,8580,466,0,687,12,1,699,14,683
522,20132,17963,0,284,12,4,699,14,471
527,17217,20895,0,246,12,4,699,14,401
533,5817,286,0,78,12,1,699,14,87
534,17833,19718,0,620,12,4,699,14,671
535,115,20045,0,542,12,3,699,14,473
536,1768,17198,0,429,12,3,699,14,365
537,14980,2381,0,40,12,2,699,14,17
538,17446,2868,0,353,12,2,699,14,252
539,20435,890,0,452,12,2,699,14,320
544,17613,16319,0,578,12,4,699,14,657
545,1557,187,0,254,12,1,699,14,250
549,20154,18641,0,592,12,4,699,14,662
550,6073,15230,0,596,12,3,699,14,506
552,16595,2677,0,651,12,2,699,14,488
556,20960,20747,0,467,12,4,699,14,622
557,19329,4572,0,417,12,2,699,14,301
560,1202,3833,0,366,12,1,699,14,380
561,20397,4140,0,532,12,2,699,14,385
565,4600,910,0,378,12,1,699,14,394
567,6674,20614,0,549,12,3,699,14,478
569,4285,5891,0,386,12,1,699,14,402
570,1107,16107,0,613,12,3,699,14,515
574,20432,2049,0,405,12,2,699,14,290
575,344,8828,0,162,12,1,699,14,161
577,6411,2119,0,692,12,1,699,14,686
578,15883,1016,0,502,12,2,699,14,361
579,2245,901,0,469,12,1,699,14,478
580,19745,20675,0,513,12,4,699,14,642
581,337,20101,0,333,12,3,699,14,282
582,7177,19212,0,694,12,3,699,14,593
585,21336,5470,0,602,12,2,699,14,445
586,6168,6904,0,414,12,1,699,14,425
589,18846,5907,0,525,12,2,699,14,380
593,13304,263,0,378,12,2,699,14,277
595,3619,18899,0,414,12,3,699,14,336
596,4280,6192,0,262,12,1,699,14,257
597,21812,7506,0,128,12,2,699,14,75
599,838,18368,0,636,12,3,699,14,549
601,18426,18550,0,624,12,4,699,14,673
605,528,4683,0,616,12,1,699,14,612
609,13688,406,0,569,12,2,699,14,417
610,17012,2580,0,626,12,2,699,14,460
612,6344,4461,0,584,12,1,699,14,575
614,358,7648,0,444,12,1,699,14,452
615,3264,17609,0,340,12,3,699,14,298
616,6996,21813,0,297,12,3,699,14,251
621,14126,1876,0,254,12,2,699,14,178
622,5049,16468,0,372,12,3,699,14,314
623,4595,1014,0,550,12,1,699,14,546
624,5601,67,0,101,12,1,699,14,105
626,5211,20093,0,462,12,3,699,14,393
628,349,5139,0,142,12,1,699,14,148
630,1932,17888,0,31,12,3,699,14,22
635,702,6522,0,360,12,1,699,14,373
637,1013,2659,0,367,12,1,699,14,382
640,21515,4314,0,512,12,2,699,14,370
641,14529,18992,0,183,12,4,699,14,317
642,3491,4054,0,426,12,1,699,14,431
643,3476,6253,0,319,12,1,699,14,329
644,4769,21190,0,138,12,3,699,14,103
645,5477,831,0,329,12,1,699,14,337
646,7740,7500,0,80,12,1,699,14,88
647,15667,4654,0,481,12,2,699,14,352
649,4585,1853,0,255,12,1,699,14,251
652,21121,20651,0,135,12,4,699,14,198
653,20246,17128,0,464,12,4,699,14,619
655,21626,2015,0,471,12,2,699,14,339
656,4939,7191,0,488,12,1,699,14,495
657,21129,20250,0,560,12,4,699,14,653
660,535,13406,0,505,12,3,699,14,445
663,13458,21898,0,297,12,4,699,14,505
666,7982,5896,0,359,12,1,699,14,370
668,2890,17980,0,291,12,3,699,14,250
671,1979,18082,0,591,12,3,699,14,495
672,20934,14458,0,70,12,4,699,14,112
674,361,19593,0,13,12,3,699,14,5
675,6284,17710,0,185,12,3,699,14,150
676,20379,21647,0,454,12,4,699,14,618
679,1144,869,0,406,12,1,699,14,418
680,6965,18914,0,75,12,3,699,14,55
681,16914,1574,0,328,12,2,699,14,228
684,4327,5232,0,538,12,1,699,14,535
685,6000,16547,0,358,12,3,699,14,310
687,19300,19523,0,269,12,4,699,14,420
688,20924,19101,0,496,12,4,699,14,640
690,19648,7331,0,133,12,2,699,14,86
691,15168,15301,0,342,12,4,699,14,556
694,2001,18953,0,181,12,3,699,14,145
695,1515,8182,0,148,12,1,699,14,151
696,19176,19669,0,491,12,4,699,14,636
697,6932,358,0,505,12,1,699,14,507
701,17905,330,0,131,12,2,699,14,82
704,2620,21210,0,49,12,3,699,14,44
707,966,5711,0,23,12,1,699,14,22
708,2562,905,0,307,12,1,699,14,310
712,17524,3237,0,149,12,2,699,14,107
713,21790,18992,0,547,12,4,699,14,649
715,21613,85,0,628,12,2,699,14,461
716,20446,5269,0,334,12,2,699,14,238
717,5305,17902,0,237,12,3,699,14,205
718,16973,1364,0,283,12,2,699,14,201
720,5967,19172,0,420,12,3,699,14,355
721,15300,17031,0,139,12,4,699,14,220
722,21352,17392,0,38,12,4,699,14,66
723,16799,6263,0,50,12,2,699,14,26
724,16383,2035,0,69,12,2,699,14,42
727,21176,1697,0,215,12,2,699,14,155
728,20336,6231,0,363,12,2,699,14,258
729,2759,15224,0,182,12,3,699,14,146
731,3453,1488,0,275,12,1,699,14,271
733,21460,16951,0,359,12,4,699,14,560
741,6975,7107,0,576,12,1,699,14,572
751,15909,3699,0,347,12,2,699,14,247
752,3538,5110,0,345,12,1,699,14,353
753,4070,1644,0,325,12,1,699,14,336
755,5691,3116,0,474,12,1,699,14,482
756,17866,5021,0,231,12,2,699,14,171
758,6717,5938,0,553,12,1,699,14,550
760,3015,601,0,316,12,1,699,14,322
766,21888,13771,0,641,12,4,699,14,682
768,41,6241,0,423,12,1,699,14,429
772,21842,7091,0,547,12,2,699,14,396
773,2092,6017,0,206,12,1,699,14,196
775,20011,16165,0,404,12,4,699,14,593
780,1881,4528,0,502,12,1,699,14,504
782,14914,21792,0,576,12,4,699,14,656
783,7374,4373,0,117,12,1,699,14,124
785,6429,4677,0,440,12,1,699,14,448
786,16218,17914,0,175,12,4,699,14,301
787,1964,6117,0,412,12,1,699,14,423
792,5989,16156,0,239,12,3,699,14,213
793,8021,7406,0,46,12,1,699,14,49
794,18430,19804,0,307,12,4,699,14,544
795,446,20528,0,330,12,3,699,14,281
798,19465,17011,0,305,12,4,699,14,543
799,5962,19872,0,185,12,3,699,14,151
802,19511,20795,0,87,12,4,699,14,121
803,5139,19597,0,494,12,3,699,14,438
805,18460,4876,0,543,12,2,699,14,386
809,21873,8986,0,115,12,2,699,14,70
810,4326,20807,0,629,12,3,699,14,546
811,5974,5632,0,367,12,1,699,14,383
812,19037,3634,0,135,12,2,699,14,89
813,2173,3511,0,228,12,1,699,14,215
815,18715,3158,0,162,12,2,699,14,114
816,19747,5570,0,123,12,2,699,14,73
819,1232,6951,0,118,12,1,699,14,126
820,766,6446,0,344,12,1,699,14,352
823,13965,20171,0,446,12,4,699,14,612
825,19313,7053,0,469,12,2,699,14,337
826,19756,16305,0,493,12,4,699,14,637
827,2698,17045,0,116,12,3,699,14,99
828,909,2012,0,71,12,1,699,14,79
829,5604,20362,0,630,12,3,699,14,547
831,17165,21267,0,307,12,4,699,14,545
832,7014,20849,0,305,12,3,699,14,257
833,1052,14097,0,239,12,3,699,14,218
835,1873,2919,0,141,12,1,699,14,145
838,16661,15839,0,150,12,4,699,14,280
839,5101,6225,0,210,12,1,699,14,205
840,527,19000,0,333,12,3,699,14,292
841,15538,20232,0,343,12,4,699,14,557
842,19764,1289,0,652,12,2,699,14,489
844,3190,21711,0,172,12,3,699,14,136
846,14444,20321,0,202,12,4,699,14,345
847,2892,21371,0,62,12,3,699,14,52
849,21088,15215,0,450,12,4,699,14,614
852,18059,18157,0,286,12,4,699,14,475
853,7964,5112,0,90,12,1,699,14,94
854,5660,17623,0,546,12,3,699,14,476
855,19360,2719,0,459,12,2,699,14,326
856,3274,4132,0,675,12,1,699,14,669
860,6665,527,0,334,12,1,699,14,342
861,8777,584,0,598,12,1,699,14,589
862,3592,20728,0,627,12,3,699,14,533
864,21608,3609,0,17,12,2,699,14,6
867,18864,18325,0,479,12,4,699,14,630
872,19754,7031,0,466,12,2,699,14,335
873,19110,16884,0,360,12,4,699,14,562
875,17092,18157,0,126,12,4,699,14,189
877,3889,15807,0,688,12,3,699,14,589
879,14381,18777,0,524,12,4,699,14,646
880,8628,1227,0,526,12,1,699,14,527
883,3698,3960,0,408,12,1,699,14,420
892,19690,3449,0,134,12,2,699,14,87
896,4275,6799,0,359,12,1,699,14,371
899,3834,439,0,619,12,1,699,14,616
906,20596,20947,0,665,12,4,699,14,688
907,17315,3191,0,339,12,2,699,14,241
909,569,15527,0,390,12,3,699,14,322
910,7441,1383,0,31,12,1,699,14,37
911,17912,2137,0,412,12,2,699,14,298
912,6839,1104,0,228,12,1,699,14,216
914,244,21753,0,471,12,3,699,14,414
915,3105,18125,0,650,12,3,699,14,559
916,15978,1337,0,140,12,2,699,14,97
917,941,8441,0,3,12,1,699,14,3
920,20524,19091,0,108,12,4,699,14,131
921,18224,440,0,162,12,2,699,14,115
922,15895,1935,0,300,12,2,699,14,209
924,2034,16111,0,87,12,3,699,14,62
925,2906,17605,0,129,12,3,699,14,102
926,5804,6689,0,349,12,1,699,14,359
927,18125,1051,0,88,12,2,699,14,45
928,21485,13924,0,681,12,4,699,14,691
930,8544,2163,0,693,12,1,699,14,687
932,6604,3480,0,131,12,1,699,14,138
936,2637,6460,0,331,12,1,699,14,339
939,21112,3488,0,209,12,2,699,14,147
940,18859,21226,0,122,12,4,699,14,173
942,21875,5121,0,270,12,2,699,14,189
943,3256,2952,0,345,12,1,699,14,354
951,1600,17915,0,530,12,3,699,14,451
952,20122,19996,0,632,12,4,699,14,678
953,487,13413,0,519,12,3,699,14,448
954,21439,17134,0,27,12,4,699,14,42
955,2285,3527,0,345,12,1,699,14,355
958,1848,71,0,100,12,1,699,14,103
960,3509,18299,0,158,12,3,699,14,132
964,6460,20299,0,45,12,3,699,14,43
966,2200,2948,0,554,12,1,699,14,552
967,20263,17919,0,123,12,4,699,14,176
968,19402,14647,0,398,12,4,699,14,584
969,16821,18733,0,639,12,4,699,14,680
970,21675,14613,0,369,12,4,699,14,569
971,2404,17490,0,213,12,3,699,14,187
972,1315,2796,0,587,12,1,699,14,577
973,3183,6587,0,351,12,1,699,14,362
974,16315,3987,0,291,12,2,699,14,206
975,18028,670,0,142,12,2,699,14,104
980,3555,16660,0,356,12,3,699,14,305
981,969,2094,0,606,12,1,699,14,600
982,7791,21421,0,316,12,3,699,14,260
985,21054,18946,0,236,12,4,699,14,380
986,16826,866,0,693,12,2,699,14,518
988,5147,6495,0,108,12,1,699,14,111
990,13826,435,0,281,12,2,699,14,198
991,4518,21215,0,533,12,3,699,14,463
992,5876,15883,0,670,12,3,699,14,574
994,16495,5313,0,214,12,2,699,14,154
995,2623,19645,0,414,12,3,699,14,342
999,21390,21341,0,295,12,4,699,14,502
1000,4643,1922,0,319,12,1,699,14,330
1002,4029,16904,0,531,12,3,699,14,453
1003,19624,19865,0,443,12,4,699,14,610
1005,17438,19333,0,2,12,4,699,14,8
1006,1770,6533,0,613,12,1,699,14,608
1012,3587,7134,0,70,12,1,699,14,78
1015,6839,7360,0,698,12,1,699,14,691
1018,5103,16154,0,327,12,3,699,14,273
1019,3964,3768,0,67,12,1,699,14,75
1021,5082,1141,0,227,12,1,699,14,213
1022,1161,14555,0,39,12,3,699,14,33
1023,18911,17555,0,80,12,4,699,14,116
1027,20993,14316,0,66,12,4,699,14,106
1028,1946,5621,0,631,12,1,699,14,628
1031,2531,20412,0,612,12,3,699,14,514
1033,89,4191,0,140,12,1,699,14,143
1034,1668,276,0,516,12,1,699,14,513
1035,13992,801,0,136,12,2,699,14,94
1038,4857,18855,0,221,12,3,699,14,192
1040,20110,18623,0,476,12,4,699,14,628
1041,20258,20016,0,450,12,4,699,14,615
1042,3740,16683,0,298,12,3,699,14,256
1047,19520,7320,0,581,12,2,699,14,420
1049,20551,19639,0,406,12,4,699,14,594
1050,4831,20237,0,95,12,3,699,14,74
1051,1078,7154,0,516,12,1,699,14,514
1052,3866,3645,0,507,12,1,699,14,509
1054,14574,19701,0,418,12,4,699,14,601
1056,14485,14757,0,453,12,4,699,14,617
1058,18269,3362,0,503,12,2,699,14,362
1059,14746,21380,0,366,12,4,699,14,563
1066,3239,5351,0,28,12,1,699,14,32
1068,852,16982,0,113,12,3,699,14,88
1071,5031,1380,0,301,12,1,699,14,298
1072,3171,2591,0,341,12,1,699,14,347
1073,1862,19544,0,20,12,3,699,14,10
1074,14996,20748,0,433,12,4,699,14,609
1076,1337,2973,0,127,12,1,699,14,136
1077,4013,1608,0,319,12,1,699,14,331
1080,919,14508,0,172,12,3,699,14,137
1081,21623,17436,0,126,12,4,699,14,192
1084,6598,2981,0,64,12,1,699,14,72
1086,5763,5256,0,538,12,1,699,14,536
1087,2504,17623,0,285,12,3,699,14,237
1088,8062,4137,0,588,12,1,699,14,578
1089,19076,14719,0,206,12,4,699,14,351
1091,17481,1949,0,17,12,2,699,14,8
1092,21470,7749,0,634,12,2,699,14,471
1097,2528,3203,0,68,12,1,699,14,76
1098,7692,20237,0,617,12,3,699,14,526
1099,14997,17675,0,321,12,4,699,14,553
1100,5683,15716,0,11,12,3,699,14,3
1102,1451,13875,0,519,12,3,699,14,450
1103,5308,18843,0,28,12,3,699,14,19
1104,2741,17499,0,683,12,3,699,14,580
1107,21565,8292,0,430,12,2,699,14,310
1112,222,571,0,45,12,1,699,14,48
1114,19252,14776,0,146,12,4,699,14,279
1115,5530,21535,0,499,12,3,699,14,440
1116,20009,3074,0,247,12,2,699,14,175
1117,1141,15359,0,42,12,3,699,14,38
1118,19848,15771,0,185,12,4,699,14,320
1119,534,1860,0,612,12,1,699,14,605
1122,20999,5453,0,328,12,2,699,14,230
1123,1302,20056,0,193,12,3,699,14,161
1124,8246,2279,0,389,12,1,699,14,405
1129,15398,16659,0,190,12,4,699,14,326
1131,4073,3732,0,688,12,1,699,14,684
1133,1867,18294,0,541,12,3,699,14,472
1134,3764,21876,0,435,12,3,699,14,371
1135,2633,19587,0,106,12,3,699,14,76
1137,15991,14959,0,661,12,4,699,14,685
1138,21243,18031,0,525,12,4,699,14,647
1139,5234,15220,0,324,12,3,699,14,271
1140,3371,15188,0,463,12,3,699,14,394
1141,5716,19200,0,542,12,3,699,14,475
1146,3943,4446,0,260,12,1,699,14,255
1147,7306,19464,0,81,12,3,699,14,61
1148,4028,3757,0,463,12,1,699,14,472
1150,2241,20987,0,41,12,3,699,14,34
1152,5042,20655,0,639,12,3,699,14,551
1153,16494,6493,0,644,12,2,699,14,479
1155,20891,20195,0,598,12,4,699,14,667
1156,1232,4686,0,616,12,1,699,14,613
1157,5545,16234,0,258,12,3,699,14,235
1158,8556,940,0,12,12,1,699,14,10
1159,17004,1081,0,476,12,2,699,14,347
1161,1128,17654,0,461,12,3,699,14,391
1162,5511,3984,0,49,12,1,699,14,55
1163,5203,3515,0,400,12,1,699,14,414
1167,21227,328,0,303,12,2,699,14,215
1171,19071,18375,0,475,12,4,699,14,627
1173,35,13687,0,421,12,3,699,14,363
1179,4654,6691,0,643,12,1,699,14,642
1184,20983,7788,0,281,12,2,699,14,199
1185,18924,16746,0,49,12,4,699,14,89
1187,19795,21810,0,88,12,4,699,14,122
1193,17365,2958,0,551,12,2,699,14,401
1194,3893,14999,0,234,12,3,699,14,202
1195,5313,15218,0,356,12,3,699,14,306
1196,13593,21135,0,190,12,4,699,14,335
1199,19733,7197,0,637,12,2,699,14,472
1201,944,210,0,585,12,1,699,14,576
1202,15978,21030,0,319,12,4,699,14,551
1203,8415,2666,0,322,12,1,699,14,334
1205,18318,15302,0,243,12,4,699,14,393
1209,17,16082,0,555,12,3,699,14,480
1211,2619,18400,0,430,12,3,699,14,368
1212,14777,16392,0,301,12,4,699,14,538
1215,20985,18741,0,393,12,4,699,14,583
1220,16457,980,0,480,12,2,699,14,351
1221,20966,14018,0,682,12,4,699,14,693
1223,16870,2824,0,147,12,2,699,14,106
1226,19779,5830,0,47,12,2,699,14,23
1227,21889,8512,0,276,12,2,699,14,194
1228,19962,413,0,464,12,2,699,14,331
1229,20895,1573,0,449,12,2,699,14,317
1231,5825,19341,0,684,12,3,699,14,582
1232,19375,21507,0,624,12,4,699,14,674
1234,18607,20931,0,596,12,4,699,14,663
1237,20664,3593,0,116,12,2,699,14,71
1239,17508,3034,0,499,12,2,699,14,359
1240,21130,15277,0,548,12,4,699,14,650
1243,20150,3101,0,365,12,2,699,14,266
1245,4959,6490,0,474,12,1,699,14,483
1247,19239,1550,0,376,12,2,699,14,274
1249,15410,21328,0,451,12,4,699,14,616
1250,3540,21367,0,651,12,3,699,14,564
1251,16664,4172,0,340,12,2,699,14,242
1254,5412,7230,0,407,12,1,699,14,419
1255,14878,15029,0,677,12,4,699,14,690
1258,864,2259,0,531,12,1,699,14,532
1260,21466,5900,0,185,12,2,699,14,126
1261,4434,1686,0,141,12,1,699,14,146
1265,15152,16736,0,663,12,4,699,14,686
1266,1030,3824,0,244,12,1,699,14,235
1267,7063,6243,0,309,12,1,699,14,315
1268,1480,14282,0,530,12,3,699,14,452
1271,1043,18846,0,502,12,3,699,14,444
1273,7915,3182,0,484,12,1,699,14,488
1276,867,630,0,643,12,1,699,14,643
1277,20094,20104,0,685,12,4,699,14,695
1278,19079,15717,0,145,12,4,699,14,238
1279,21237,20278,0,663,12,4,699,14,687
1280,6391,7217,0,350,12,1,699,14,361
1281,7413,21436,0,203,12,3,699,14,172
1283,6058,4720,0,151,12,1,699,14,153
1284,3175,6351,0,404,12,1,699,14,417
1289,7517,2695,0,620,12,1,699,14,619
1290,6993,3106,0,271,12,1,699,14,266
1294,3327,4202,0,236,12,1,699,14,224
1298,20803,5059,0,5,12,2,699,14,2
1300,1891,18189,0,451,12,3,699,14,384
1305,16548,16212,0,258,12,4,699,14,404
1309,21865,14994,0,473,12,4,699,14,625
1310,20800,4098,0,628,12,2,699,14,467
1314,18242,6793,0,29,12,2,699,14,13
1317,19579,20483,0,637,12,4,699,14,679
1318,18236,20308,0,600,12,4,699,14,668
1322,5951,15614,0,508,12,3,699,14,446
1323,14935,18748,0,136,12,4,699,14,206
1324,701,1880,0,579,12,1,699,14,573
1325,6986,1160,0,236,12,1,699,14,225
1327,226,15122,0,183,12,3,699,14,148
1328,20948,1064,0,314,12,2,699,14,224
1331,1041,295,0,625,12,1,699,14,623
1336,18170,15860,0,358,12,4,699,14,559
1341,13950,21698,0,487,12,4,699,14,633
1342,7387,6561,0,364,12,1,699,14,376
1343,16288,2158,0,213,12,2,699,14,152
1345,17861,18916,0,412,12,4,699,14,600
1346,15847,6403,0,526,12,2,699,14,382
1348,13761,20155,0,698,12,4,699,14,699
1350,3083,17385,0,164,12,3,699,14,135
1354,5236,2190,0,43,12,1,699,14,44
1358,5538,17590,0,252,12,3,699,14,233
1360,19602,661,0,671,12,2,699,14,503
1362,21673,3137,0,269,12,2,699,14,188
1363,14954,18624,0,619,12,4,699,14,670
1364,15992,4381,0,202,12,2,699,14,144
1365,3496,20714,0,44,12,3,699,14,39
1366,4666,6364,0,640,12,1,699,14,640
1369,17360,20174,0,164,12,4,699,14,286
1370,17512,16567,0,385,12,4,699,14,578
1372,19458,15197,0,78,12,4,699,14,114
1373,20920,14923,0,140,12,4,699,14,228
1375,15965,767,0,226,12,2,699,14,165
1376,16932,2628,0,200,12,2,699,14,140
1377,21739,4467,0,72,12,2,699,14,44
1378,463,3842,0,447,12,1,699,14,455
1379,7409,1715,0,645,12,1,699,14,647
1380,15157,1545,0,395,12,2,699,14,280
1383,462,5282,0,40,12,1,699,14,43
1384,5274,4837,0,115,12,1,699,14,120
1385,14677,18841,0,581,12,4,699,14,658
1387,5112,19791,0,633,12,3,699,14,548
1388,3787,3940,0,518,12,1,699,14,515
1390,1970,7120,0,471,12,1,699,14,479
1396,938,8049,0,412,12,1,699,14,424
1398,3328,18212,0,509,12,3,699,14,447
1399,7663,20155,0,204,12,3,699,14,176
1400,6386,20316,0,297,12,3,699,14,255
1404,20368,20858,0,697,12,4,699,14,698
1407,18448,15497,0,126,12,4,699,14,197
1408,16757,5393,0,35,12,2,699,14,16
1410,2440,2234,0,467,12,1,699,14,477
1412,16554,379,0,432,12,2,699,14,313
1413,2237,5170,0,284,12,1,699,14,282
1414,855,4520,0,593,12,1,699,14,585
1415,13894,636,0,218,12,2,699,14,159
1417,15798,4385,0,669,12,2,699,14,502
1420,6418,18395,0,146,12,3,699,14,105
1421,21033,15707,0,78,12,4,699,14,115
1423,4486,18386,0,649,12,3,699,14,556
1431,558,17379,0,593,12,3,699,14,499
1433,18696,19555,0,649,12,4,699,14,684
1435,4434,752,0,209,12,1,699,14,200
1436,3501,2000,0,369,12,1,699,14,385
1437,20992,21480,0,388,12,4,699,14,580
1440,8769,21805,0,562,12,3,699,14,488
1443,2654,18045,0,693,12,3,699,14,592
1445,4687,18758,0,470,12,3,699,14,409
1447,3057,20702,0,401,12,3,699,14,332
1448,1222,8246,0,209,12,1,699,14,201
1449,4715,19214,0,317,12,3,699,14,267
1450,19082,2856,0,186,12,2,699,14,131
1451,7939,1506,0,6,12,1,699,14,6
1453,3587,7471,0,297,12,1,699,14,295
1454,15989,714,0,287,12,2,699,14,204
1455,6013,2427,0,605,12,1,699,14,597
1457,15960,16863,0,629,12,4,699,14,675
1459,15642,17221,0,236,12,4,699,14,382
1460,4429,17403,0,190,12,3,699,14,153
1461,20289,17027,0,549,12,4,699,14,652
1466,2384,14528,0,249,12,3,699,14,225
1468,18058,20063,0,519,12,4,699,14,643
1481,535,3099,0,181,12,1,699,14,173
1484,8254,286,0,302,12,1,699,14,300
1487,2670,18848,0,445,12,3,699,14,382
1488,19029,1965,0,178,12,2,699,14,122
1490,20572,17306,0,145,12,4,699,14,274
1493,20362,761,0,671,12,2,699,14,504
1494,5256,15788,0,615,12,3,699,14,523
1495,1349,2146,0,232,12,1,699,14,221
1496,1072,5097,0,661,12,1,699,14,660
1497,18528,14910,0,348,12,4,699,14,558
1498,975,7602,0,486,12,1,699,14,492
1500,5465,3797,0,442,12,1,699,14,450
1501,14056,20742,0,285,12,4,699,14,472
1502,19944,6008,0,552,12,2,699,14,404
1504,6314,532,0,242,12,1,699,14,233
1505,7765,1717,0,198,12,1,699,14,188
1506,8148,6103,0,95,12,1,699,14,99
1507,17859,4076,0,595,12,2,699,14,443
1510,432,18677,0,377,12,3,699,14,316
1513,651,16793,0,474,12,3,699,14,418
1515,4514,1991,0,31,12,1,699,14,38
1516,19222,4072,0,474,12,2,699,14,345
1519,2142,46,0,264,12,1,699,14,259
1525,18926,17497,0,431,12,4,699,14,608
1526,2017,20882,0,532,12,3,699,14,455
1529,3107,16559,0,662,12,3,699,14,571
1530,3041,5342,0,29,12,1,699,14,34
1531,619,20106,0,601,12,3,699,14,513
1535,13541,21180,0,172,12,4,699,14,298
1539,13855,20871,0,630,12,4,699,14,676
1540,19813,7260,0,671,12,2,699,14,505
1543,15686,21447,0,153,12,4,699,14,285
1544,354,5407,0,237,12,1,699,14,227
1545,3421,18107,0,44,12,3,699,14,40
1554,627,15179,0,398,12,3,699,14,328
1555,19516,1216,0,129,12,2,699,14,78
1556,4388,16070,0,307,12,3,699,14,259
1558,20916,19494,0,478,12,4,699,14,629
1560,7248,19663,0,211,12,3,699,14,181
1562,18415,258,0,342,12,2,699,14,246
1564,5186,17899,0,285,12,3,699,14,240
1565,5148,4983,0,151,12,1,699,14,154
1567,6739,20289,0,273,12,3,699,14,236
1569,18586,21517,0,113,12,4,699,14,144
1570,5319,19042,0,463,12,3,699,14,395
1571,3869,5281,0,446,12,1,699,14,453
1572,18600,2553,0,457,12,2,699,14,323
1574,14856,21393,0,273,12,4,699,14,445
1575,18077,3935,0,332,12,2,699,14,234
1576,2920,3302,0,295,12,1,699,14,293
1577,15648,16678,0,645,12,4,699,14,683
1581,21674,13917,0,259,12,4,699,14,412
1584,40,13970,0,539,12,3,699,14,465
1585,3052,6557,0,229,12,1,699,14,218
1588,19249,17704,0,286,12,4,699,14,488
1590,19984,17673,0,386,12,4,699,14,579
1593,2340,4814,0,279,12,1,699,14,278
1594,15124,14841,0,590,12,4,699,14,660
1595,7560,885,0,665,12,1,699,14,665
1598,3154,1168,0,427,12,1,699,14,432
1599,21525,1023,0,587,12,2,699,14,432
1600,4942,20389,0,339,12,3,699,14,296
4,11189,21333,0,463,12,4,699,14,410
4,11189,21333,0,463,12,3,699,14,410
5,11477,5060,0,680,12,1,699,14,674
5,11477,5060,0,680,12,2,699,14,674
7,13048,4211,0,562,12,2,699,14,559
7,13048,4211,0,562,12,1,699,14,559
8,10036,6227,0,675,12,1,699,14,670
8,10036,6227,0,675,12,2,699,14,670
9,10915,15091,0,136,12,4,699,14,130
9,10915,15091,0,136,12,3,699,14,130
10,1964,12857,0,455,12,3,699,14,462
10,1964,12857,0,455,12,1,699,14,462
13,5391,10475,0,604,12,1,699,14,594
13,5391,10475,0,604,12,3,699,14,594
15,13514,4406,0,300,12,2,699,14,297
15,13514,4406,0,300,12,1,699,14,297
17,9544,9464,0,460,12,1,699,14,468
17,9544,9464,0,460,12,3,699,14,468
17,9544,9464,0,460,12,2,699,14,468
17,9544,9464,0,460,12,4,699,14,468
18,8832,3074,0,301,12,1,699,14,299
18,8832,3074,0,301,12,2,699,14,299
19,1429,10334,0,112,12,1,699,14,115
19,1429,10334,0,112,12,3,699,14,115
20,10296,4349,0,683,12,1,699,14,679
20,10296,4349,0,683,12,2,699,14,679
21,8182,18782,0,408,12,3,699,14,353
21,8182,18782,0,408,12,4,699,14,353
24,9241,15849,0,473,12,3,699,14,415
24,9241,15849,0,473,12,4,699,14,415
27,11607,21054,0,640,12,4,699,14,552
27,11607,21054,0,640,12,3,699,14,552
28,12786,18145,0,208,12,4,699,14,186
28,12786,18145,0,208,12,3,699,14,186
32,4507,7454,0,95,12,1,699,14,100
32,4507,7454,0,95,12,3,699,14,100
35,11838,2890,0,364,12,2,699,14,377
35,11838,2890,0,364,12,1,699,14,377
36,16471,12703,0,271,12,4,699,14,195
36,16471,12703,0,271,12,2,699,14,195
39,2615,12992,0,685,12,3,699,14,682
39,2615,12992,0,685,12,1,699,14,682
40,1324,9480,0,675,12,1,699,14,671
40,1324,9480,0,675,12,3,699,14,671
41,10612,20346,0,669,12,3,699,14,573
41,10612,20346,0,669,12,4,699,14,573
42,12412,15781,0,315,12,4,699,14,284
42,12412,15781,0,315,12,3,699,14,284
43,12627,456,0,547,12,2,699,14,544
43,12627,456,0,547,12,1,699,14,544
44,10029,14072,0,263,12,3,699,14,258
44,10029,14072,0,263,12,4,699,14,258
44,10029,14072,0,263,12,1,699,14,258
45,21213,9890,0,559,12,2,699,14,406
45,21213,9890,0,559,12,4,699,14,406
46,12645,11233,0,47,12,4,699,14,51
46,12645,11233,0,47,12,2,699,14,51
46,12645,11233,0,47,12,1,699,14,51
46,12645,11233,0,47,12,3,699,14,51
49,21342,12879,0,560,12,4,699,14,408
49,21342,12879,0,560,12,2,699,14,408
52,9284,20243,0,330,12,3,699,14,294
52,9284,20243,0,330,12,4,699,14,294
54,18038,9850,0,507,12,2,699,14,366
54,18038,9850,0,507,12,4,699,14,366
55,14595,13025,0,144,12,4,699,14,105
55,14595,13025,0,144,12,2,699,14,105
57,9897,9298,0,71,12,1,699,14,80
57,9897,9298,0,71,12,2,699,14,80
57,9897,9298,0,71,12,3,699,14,80
57,9897,9298,0,71,12,4,699,14,80
58,8563,10673,0,183,12,1,699,14,175
58,8563,10673,0,183,12,3,699,14,175
58,8563,10673,0,183,12,4,699,14,175
59,10993,8883,0,306,12,1,699,14,306
59,10993,8883,0,306,12,2,699,14,306
59,10993,8883,0,306,12,4,699,14,306
62,11977,21292,0,413,12,4,699,14,357
62,11977,21292,0,413,12,3,699,14,357
63,6330,10514,0,613,12,1,699,14,609
63,6330,10514,0,613,12,3,699,14,609
64,5489,14484,0,26,12,3,699,14,28
64,5489,14484,0,26,12,1,699,14,28
66,10710,12519,0,215,12,4,699,14,209
66,10710,12519,0,215,12,3,699,14,209
66,10710,12519,0,215,12,1,699,14,209
71,13060,12858,0,586,12,4,699,14,429
71,13060,12858,0,586,12,2,699,14,429
71,13060,12858,0,586,12,3,699,14,429
74,20725,8614,0,551,12,2,699,14,402
74,20725,8614,0,551,12,4,699,14,402
75,6819,12862,0,435,12,3,699,14,441
75,6819,12862,0,435,12,1,699,14,441
78,4522,12219,0,542,12,3,699,14,538
78,4522,12219,0,542,12,1,699,14,538
80,6890,10438,0,30,12,1,699,14,36
80,6890,10438,0,30,12,3,699,14,36
85,9729,17291,0,619,12,3,699,14,532
85,9729,17291,0,619,12,4,699,14,532
86,9867,11512,0,43,12,3,699,14,45
86,9867,11512,0,43,12,1,699,14,45
86,9867,11512,0,43,12,4,699,14,45
87,14452,6759,0,189,12,2,699,14,181
87,14452,6759,0,189,12,1,699,14,181
87,14452,6759,0,189,12,4,699,14,181
92,6758,16930,0,417,12,3,699,14,361
92,6758,16930,0,417,12,4,699,14,361
96,9152,20223,0,673,12,3,699,14,575
96,9152,20223,0,673,12,4,699,14,575
98,10764,8448,0,526,12,1,699,14,528
98,10764,8448,0,526,12,2,699,14,528
98,10764,8448,0,526,12,4,699,14,528
99,7258,15968,0,389,12,3,699,14,339
99,7258,15968,0,389,12,4,699,14,339
101,12012,12089,0,595,12,4,699,14,587
101,12012,12089,0,595,12,3,699,14,587
101,12012,12089,0,595,12,2,699,14,587
101,12012,12089,0,595,12,1,699,14,587
102,12915,16522,0,254,12,4,699,14,244
102,12915,16522,0,254,12,3,699,14,244
105,12359,4253,0,336,12,2,699,14,343
105,12359,4253,0,336,12,1,699,14,343
107,2519,10932,0,633,12,1,699,14,630
107,2519,10932,0,633,12,3,699,14,630
108,14774,10698,0,587,12,4,699,14,433
108,14774,10698,0,587,12,2,699,14,433
109,15833,12541,0,71,12,4,699,14,43
109,15833,12541,0,71,12,2,699,14,43
111,14537,7301,0,604,12,2,699,14,595
111,14537,7301,0,604,12,4,699,14,595
111,14537,7301,0,604,12,1,699,14,595
117,8745,17798,0,235,12,3,699,14,219
117,8745,17798,0,235,12,4,699,14,219
118,15329,14541,0,473,12,4,699,14,344
118,15329,14541,0,473,12,2,699,14,344
120,4382,13205,0,157,12,3,699,14,156
120,4382,13205,0,157,12,1,699,14,156
121,9467,17873,0,103,12,3,699,14,83
121,9467,17873,0,103,12,4,699,14,83
122,10098,16840,0,666,12,3,699,14,572
122,10098,16840,0,666,12,4,699,14,572
123,1717,11863,0,693,12,3,699,14,688
123,1717,11863,0,693,12,1,699,14,688
124,10672,4994,0,273,12,1,699,14,268
124,10672,4994,0,273,12,2,699,14,268
125,1358,9244,0,430,12,1,699,14,435
125,1358,9244,0,430,12,3,699,14,435
126,12149,14315,0,691,12,4,699,14,590
126,12149,14315,0,691,12,3,699,14,590
127,9757,11024,0,205,12,1,699,14,194
127,9757,11024,0,205,12,3,699,14,194
127,9757,11024,0,205,12,4,699,14,194
128,7165,16185,0,230,12,3,699,14,215
128,7165,16185,0,230,12,4,699,14,215
130,19871,9752,0,695,12,2,699,14,526
130,19871,9752,0,695,12,4,699,14,526
133,14418,7322,0,522,12,2,699,14,523
133,14418,7322,0,522,12,4,699,14,523
133,14418,7322,0,522,12,1,699,14,523
135,21416,13643,0,301,12,4,699,14,213
135,21416,13643,0,301,12,2,699,14,213
136,11655,11819,0,409,12,4,699,14,421
136,11655,11819,0,409,12,3,699,14,421
136,11655,11819,0,409,12,1,699,14,421
136,11655,11819,0,409,12,2,699,14,421
137,12527,2398,0,201,12,2,699,14,190
137,12527,2398,0,201,12,1,699,14,190
138,15720,14355,0,678,12,4,699,14,513
138,15720,14355,0,678,12,2,699,14,513
139,13609,13934,0,171,12,4,699,14,120
139,13609,13934,0,171,12,3,699,14,120
139,13609,13934,0,171,12,2,699,14,120
140,7883,13718,0,661,12,3,699,14,661
140,7883,13718,0,661,12,4,699,14,661
140,7883,13718,0,661,12,1,699,14,661
142,7624,13016,0,634,12,3,699,14,632
142,7624,13016,0,634,12,1,699,14,632
142,7624,13016,0,634,12,4,699,14,632
144,8900,12628,0,266,12,3,699,14,262
144,8900,12628,0,266,12,1,699,14,262
144,8900,12628,0,266,12,4,699,14,262
145,10628,10856,0,621,12,1,699,14,620
145,10628,10856,0,621,12,4,699,14,620
145,10628,10856,0,621,12,3,699,14,620
145,10628,10856,0,621,12,2,699,14,620
149,13291,8014,0,604,12,2,699,14,596
149,13291,8014,0,604,12,1,699,14,596
149,13291,8014,0,604,12,4,699,14,596
150,8643,7026,0,358,12,1,699,14,369
150,8643,7026,0,358,12,2,699,14,369
153,18852,8971,0,399,12,2,699,14,283
153,18852,8971,0,399,12,4,699,14,283
154,13281,2466,0,307,12,2,699,14,311
154,13281,2466,0,307,12,1,699,14,311
155,18937,13017,0,89,12,4,699,14,53
155,18937,13017,0,89,12,2,699,14,53
158,16239,12217,0,551,12,4,699,14,403
158,16239,12217,0,551,12,2,699,14,403
160,18867,8060,0,395,12,2,699,14,282
160,18867,8060,0,395,12,4,699,14,282
161,7460,10196,0,506,12,1,699,14,508
161,7460,10196,0,506,12,3,699,14,508
162,1876,8647,0,489,12,1,699,14,497
162,1876,8647,0,489,12,3,699,14,497
164,18060,11150,0,417,12,4,699,14,302
164,18060,11150,0,417,12,2,699,14,302
165,13732,6528,0,61,12,2,699,14,68
165,13732,6528,0,61,12,1,699,14,68
166,8919,10101,0,208,12,1,699,14,199
166,8919,10101,0,208,12,3,699,14,199
166,8919,10101,0,208,12,4,699,14,199
167,14082,6648,0,434,12,2,699,14,440
167,14082,6648,0,434,12,1,699,14,440
167,14082,6648,0,434,12,4,699,14,440
168,11186,12791,0,573,12,4,699,14,570
168,11186,12791,0,573,12,3,699,14,570
168,11186,12791,0,573,12,1,699,14,570
169,2782,8611,0,614,12,1,699,14,610
169,2782,8611,0,614,12,3,699,14,610
170,13266,3746,0,459,12,2,699,14,466
170,13266,3746,0,459,12,1,699,14,466
172,10695,1759,0,672,12,1,699,14,667
172,10695,1759,0,672,12,2,699,14,667
175,17521,13006,0,465,12,4,699,14,333
175,17521,13006,0,465,12,2,699,14,333
176,17809,8630,0,591,12,2,699,14,437
176,17809,8630,0,591,12,4,699,14,437
177,13780,2703,0,274,12,2,699,14,270
177,13780,2703,0,274,12,1,699,14,270
178,8724,6716,0,680,12,1,699,14,675
178,8724,6716,0,680,12,2,699,14,675
179,7343,13260,0,376,12,3,699,14,390
179,7343,13260,0,376,12,1,699,14,390
179,7343,13260,0,376,12,4,699,14,390
180,7553,17933,0,178,12,3,699,14,158
180,7553,17933,0,178,12,4,699,14,158
182,12868,5977,0,33,12,2,699,14,40
182,12868,5977,0,33,12,1,699,14,40
183,12311,9014,0,98,12,2,699,14,102
183,12311,9014,0,98,12,1,699,14,102
183,12311,9014,0,98,12,4,699,14,102
186,6311,7615,0,419,12,1,699,14,428
186,6311,7615,0,419,12,3,699,14,428
187,8794,5929,0,162,12,1,699,14,162
187,8794,5929,0,162,12,2,699,14,162
188,12978,651,0,348,12,2,699,14,357
188,12978,651,0,348,12,1,699,14,357
189,10212,8942,0,614,12,1,699,14,611
189,10212,8942,0,614,12,2,699,14,611
189,10212,8942,0,614,12,4,699,14,611
189,10212,8942,0,614,12,3,699,14,611
191,13109,12396,0,483,12,4,699,14,354
191,13109,12396,0,483,12,2,699,14,354
191,13109,12396,0,483,12,3,699,14,354
193,11682,2841,0,259,12,2,699,14,254
193,11682,2841,0,259,12,1,699,14,254
194,7110,13874,0,253,12,3,699,14,247
194,7110,13874,0,253,12,1,699,14,247
194,7110,13874,0,253,12,4,699,14,247
195,8693,10786,0,73,12,1,699,14,82
195,8693,10786,0,73,12,3,699,14,82
195,8693,10786,0,73,12,4,699,14,82
196,8129,9882,0,290,12,1,699,14,289
196,8129,9882,0,290,12,3,699,14,289
198,8240,15227,0,499,12,3,699,14,442
198,8240,15227,0,499,12,4,699,14,442
199,10474,2486,0,306,12,1,699,14,307
199,10474,2486,0,306,12,2,699,14,307
201,18812,10286,0,19,12,2,699,14,10
201,18812,10286,0,19,12,4,699,14,10
202,949,9165,0,554,12,1,699,14,553
202,949,9165,0,554,12,3,699,14,553
203,10214,6125,0,611,12,1,699,14,603
203,10214,6125,0,611,12,2,699,14,603
206,15047,11716,0,602,12,4,699,14,448
206,15047,11716,0,602,12,2,699,14,448
207,11963,1273,0,637,12,2,699,14,637
207,11963,1273,0,637,12,1,699,14,637
208,13839,2526,0,43,12,2,699,14,46
208,13839,2526,0,43,12,1,699,14,46
211,18009,12996,0,76,12,4,699,14,50
211,18009,12996,0,76,12,2,699,14,50
215,4914,13542,0,329,12,3,699,14,338
215,4914,13542,0,329,12,1,699,14,338
217,4517,9068,0,508,12,1,699,14,510
217,4517,9068,0,508,12,3,699,14,510
218,9323,12315,0,150,12,3,699,14,152
218,9323,12315,0,150,12,4,699,14,152
218,9323,12315,0,150,12,1,699,14,152
220,12623,19302,0,677,12,4,699,14,576
220,12623,19302,0,677,12,3,699,14,576
222,13689,3600,0,518,12,2,699,14,516
222,13689,3600,0,518,12,1,699,14,516
223,11237,16632,0,473,12,4,699,14,416
223,11237,16632,0,473,12,3,699,14,416
224,13295,13547,0,107,12,4,699,14,64
224,13295,13547,0,107,12,3,699,14,64
224,13295,13547,0,107,12,2,699,14,64
227,8894,2525,0,569,12,1,699,14,564
227,8894,2525,0,569,12,2,699,14,564
228,7836,17975,0,240,12,3,699,14,227
228,7836,17975,0,240,12,4,699,14,227
230,8013,11202,0,369,12,1,699,14,386
230,8013,11202,0,369,12,3,699,14,386
230,8013,11202,0,369,12,4,699,14,386
231,11470,15427,0,56,12,4,699,14,58
231,11470,15427,0,56,12,3,699,14,58
235,21606,9124,0,226,12,2,699,14,168
235,21606,9124,0,226,12,4,699,14,168
239,8812,9312,0,200,12,1,699,14,189
239,8812,9312,0,200,12,3,699,14,189
240,6750,13656,0,192,12,3,699,14,185
240,6750,13656,0,192,12,1,699,14,185
240,6750,13656,0,192,12,4,699,14,185
241,2805,13965,0,541,12,3,699,14,537
241,2805,13965,0,541,12,1,699,14,537
245,1564,12793,0,355,12,3,699,14,364
245,1564,12793,0,355,12,1,699,14,364
247,9498,10634,0,316,12,1,699,14,323
247,9498,10634,0,316,12,3,699,14,323
247,9498,10634,0,316,12,4,699,14,323
248,14038,8992,0,551,12,2,699,14,547
248,14038,8992,0,551,12,4,699,14,547
248,14038,8992,0,551,12,1,699,14,547
249,11229,21368,0,491,12,4,699,14,434
249,11229,21368,0,491,12,3,699,14,434
250,1614,8762,0,288,12,1,699,14,286
250,1614,8762,0,288,12,3,699,14,286
251,12739,1279,0,183,12,2,699,14,176
251,12739,1279,0,183,12,1,699,14,176
252,4033,11929,0,306,12,3,699,14,308
252,4033,11929,0,306,12,1,699,14,308
253,20540,13093,0,432,12,4,699,14,314
253,20540,13093,0,432,12,2,699,14,314
254,3904,8388,0,16,12,1,699,14,16
254,3904,8388,0,16,12,3,699,14,16
256,11576,7343,0,514,12,1,699,14,512
256,11576,7343,0,514,12,2,699,14,512
257,10178,15460,0,164,12,3,699,14,141
257,10178,15460,0,164,12,4,699,14,141
259,9825,1998,0,340,12,1,699,14,346
259,9825,1998,0,340,12,2,699,14,346
261,14315,17918,0,255,12,4,699,14,246
261,14315,17918,0,255,12,3,699,14,246
262,20294,13862,0,191,12,4,699,14,132
262,20294,13862,0,191,12,2,699,14,132
263,12200,15200,0,595,12,4,699,14,517
263,12200,15200,0,595,12,3,699,14,517
265,17572,10562,0,677,12,2,699,14,508
265,17572,10562,0,677,12,4,699,14,508
266,1062,9351,0,663,12,1,699,14,663
266,1062,9351,0,663,12,3,699,14,663
267,15528,11634,0,148,12,4,699,14,108
267,15528,11634,0,148,12,2,699,14,108
269,9296,9998,0,446,12,1,699,14,454
269,9296,9998,0,446,12,3,699,14,454
269,9296,9998,0,446,12,4,699,14,454
269,9296,9998,0,446,12,2,699,14,454
271,3765,10803,0,547,12,1,699,14,545
271,3765,10803,0,547,12,3,699,14,545
272,7211,10721,0,652,12,1,699,14,652
272,7211,10721,0,652,12,3,699,14,652
277,5969,10243,0,346,12,1,699,14,356
277,5969,10243,0,346,12,3,699,14,356
282,7144,11820,0,94,12,3,699,14,98
282,7144,11820,0,94,12,1,699,14,98
284,18262,13844,0,203,12,4,699,14,145
284,18262,13844,0,203,12,2,699,14,145
285,7641,8677,0,619,12,1,699,14,617
285,7641,8677,0,619,12,3,699,14,617
286,6674,10928,0,488,12,1,699,14,496
286,6674,10928,0,488,12,3,699,14,496
287,4373,10521,0,336,12,1,699,14,344
287,4373,10521,0,336,12,3,699,14,344
288,12966,15391,0,44,12,4,699,14,41
288,12966,15391,0,44,12,3,699,14,41
290,11914,7428,0,376,12,2,699,14,391
290,11914,7428,0,376,12,1,699,14,391
290,11914,7428,0,376,12,4,699,14,391
291,5767,10146,0,618,12,1,699,14,615
291,5767,10146,0,618,12,3,699,14,615
292,21560,9961,0,43,12,2,699,14,21
292,21560,9961,0,43,12,4,699,14,21
293,13851,9050,0,534,12,2,699,14,533
293,13851,9050,0,534,12,4,699,14,533
293,13851,9050,0,534,12,1,699,14,533
294,7780,15040,0,597,12,3,699,14,521
294,7780,15040,0,597,12,4,699,14,521
295,3865,14144,0,247,12,3,699,14,238
295,3865,14144,0,247,12,1,699,14,238
296,20783,13980,0,282,12,4,699,14,200
296,20783,13980,0,282,12,2,699,14,200
306,9743,12494,0,520,12,3,699,14,518
306,9743,12494,0,520,12,4,699,14,518
306,9743,12494,0,520,12,1,699,14,518
307,13253,7501,0,239,12,2,699,14,229
307,13253,7501,0,239,12,1,699,14,229
307,13253,7501,0,239,12,4,699,14,229
308,15745,7877,0,4,12,2,699,14,1
308,15745,7877,0,4,12,4,699,14,1
309,3816,14171,0,4,12,3,699,14,4
309,3816,14171,0,4,12,1,699,14,4
310,21219,10863,0,516,12,2,699,14,374
310,21219,10863,0,516,12,4,699,14,374
311,12795,5539,0,403,12,2,699,14,415
311,12795,5539,0,403,12,1,699,14,415
312,8867,21007,0,65,12,3,699,14,67
312,8867,21007,0,65,12,4,699,14,67
314,11434,14580,0,71,12,4,699,14,69
314,11434,14580,0,71,12,3,699,14,69
316,15702,10655,0,510,12,4,699,14,368
316,15702,10655,0,510,12,2,699,14,368
317,10765,14319,0,239,12,4,699,14,226
317,10765,14319,0,239,12,3,699,14,226
319,18104,7076,0,554,12,2,699,14,405
319,18104,7076,0,554,12,4,699,14,405
321,14742,6320,0,296,12,2,699,14,294
321,14742,6320,0,296,12,1,699,14,294
322,10419,9665,0,250,12,1,699,14,243
322,10419,9665,0,250,12,4,699,14,243
322,10419,9665,0,250,12,2,699,14,243
322,10419,9665,0,250,12,3,699,14,243
323,6056,9320,0,360,12,1,699,14,374
323,6056,9320,0,360,12,3,699,14,374
326,5025,14941,0,377,12,3,699,14,392
326,5025,14941,0,377,12,1,699,14,392
327,19763,11771,0,639,12,4,699,14,474
327,19763,11771,0,639,12,2,699,14,474
328,16932,14698,0,57,12,4,699,14,34
328,16932,14698,0,57,12,2,699,14,34
330,20581,10071,0,621,12,2,699,14,464
330,20581,10071,0,621,12,4,699,14,464
331,568,10445,0,503,12,1,699,14,505
331,568,10445,0,503,12,3,699,14,505
333,11593,14063,0,3,12,4,699,14,7
333,11593,14063,0,3,12,3,699,14,7
334,18742,11010,0,633,12,2,699,14,470
334,18742,11010,0,633,12,4,699,14,470
337,19066,14070,0,650,12,4,699,14,486
337,19066,14070,0,650,12,2,699,14,486
339,4168,10322,0,276,12,1,699,14,274
339,4168,10322,0,276,12,3,699,14,274
340,18140,13117,0,519,12,4,699,14,375
340,18140,13117,0,519,12,2,699,14,375
341,12566,8022,0,305,12,2,699,14,305
341,12566,8022,0,305,12,1,699,14,305
341,12566,8022,0,305,12,4,699,14,305
342,9448,14048,0,24,12,3,699,14,25
342,9448,14048,0,24,12,4,699,14,25
342,9448,14048,0,24,12,1,699,14,25
343,12581,3321,0,21,12,2,699,14,20
343,12581,3321,0,21,12,1,699,14,20
344,21376,8976,0,134,12,2,699,14,88
344,21376,8976,0,134,12,4,699,14,88
345,16765,11271,0,207,12,4,699,14,148
345,16765,11271,0,207,12,2,699,14,148
346,2463,13383,0,392,12,3,699,14,408
346,2463,13383,0,392,12,1,699,14,408
349,11531,12574,0,247,12,4,699,14,239
349,11531,12574,0,247,12,3,699,14,239
349,11531,12574,0,247,12,1,699,14,239
349,11531,12574,0,247,12,2,699,14,239
350,11718,4924,0,170,12,2,699,14,164
350,11718,4924,0,170,12,1,699,14,164
351,11488,15359,0,253,12,4,699,14,242
351,11488,15359,0,253,12,3,699,14,242
352,12424,1293,0,522,12,2,699,14,524
352,12424,1293,0,522,12,1,699,14,524
353,12495,1316,0,72,12,2,699,14,81
353,12495,1316,0,72,12,1,699,14,81
357,11605,816,0,49,12,2,699,14,56
357,11605,816,0,49,12,1,699,14,56
359,7396,17628,0,32,12,3,699,14,31
359,7396,17628,0,32,12,4,699,14,31
360,9581,17764,0,582,12,3,699,14,504
360,9581,17764,0,582,12,4,699,14,504
362,17455,9269,0,284,12,2,699,14,203
362,17455,9269,0,284,12,4,699,14,203
366,8533,18456,0,31,12,3,699,14,27
366,8533,18456,0,31,12,4,699,14,27
368,15896,7738,0,340,12,2,699,14,245
368,15896,7738,0,340,12,4,699,14,245
369,17306,8922,0,426,12,2,699,14,309
369,17306,8922,0,426,12,4,699,14,309
370,21067,11692,0,418,12,4,699,14,303
370,21067,11692,0,418,12,2,699,14,303
371,14992,5965,0,608,12,2,699,14,601
371,14992,5965,0,608,12,1,699,14,601
372,14584,12371,0,501,12,4,699,14,360
372,14584,12371,0,501,12,2,699,14,360
373,9908,12130,0,605,12,3,699,14,598
373,9908,12130,0,605,12,4,699,14,598
373,9908,12130,0,605,12,1,699,14,598
374,9406,20575,0,392,12,3,699,14,346
374,9406,20575,0,392,12,4,699,14,346
381,21010,8648,0,167,12,2,699,14,118
381,21010,8648,0,167,12,4,699,14,118
386,14465,4936,0,485,12,2,699,14,491
386,14465,4936,0,485,12,1,699,14,491
387,9865,2150,0,33,12,1,699,14,41
387,9865,2150,0,33,12,2,699,14,41
394,7103,7814,0,478,12,1,699,14,486
394,7103,7814,0,478,12,3,699,14,486
395,16316,10945,0,7,12,4,699,14,3
395,16316,10945,0,7,12,2,699,14,3
397,11671,10670,0,625,12,4,699,14,624
397,11671,10670,0,625,12,1,699,14,624
397,11671,10670,0,625,12,2,699,14,624
397,11671,10670,0,625,12,3,699,14,624
398,10759,16572,0,283,12,4,699,14,264
398,10759,16572,0,283,12,3,699,14,264
399,21409,13273,0,664,12,4,699,14,497
399,21409,13273,0,664,12,2,699,14,497
400,10628,12583,0,520,12,4,699,14,519
400,10628,12583,0,520,12,3,699,14,519
400,10628,12583,0,520,12,1,699,14,519
401,1751,12323,0,448,12,3,699,14,456
401,1751,12323,0,448,12,1,699,14,456
404,6954,11269,0,77,12,1,699,14,86
404,6954,11269,0,77,12,3,699,14,86
406,10247,11083,0,89,12,1,699,14,93
406,10247,11083,0,89,12,4,699,14,93
406,10247,11083,0,89,12,3,699,14,93
406,10247,11083,0,89,12,2,699,14,93
407,5142,11443,0,431,12,3,699,14,437
407,5142,11443,0,431,12,1,699,14,437
409,18027,7126,0,351,12,2,699,14,250
409,18027,7126,0,351,12,4,699,14,250
410,12758,15795,0,185,12,4,699,14,166
410,12758,15795,0,185,12,3,699,14,166
411,15512,8230,0,559,12,2,699,14,407
411,15512,8230,0,559,12,4,699,14,407
412,3225,13423,0,562,12,3,699,14,560
412,3225,13423,0,562,12,1,699,14,560
414,14275,16872,0,379,12,4,699,14,325
414,14275,16872,0,379,12,3,699,14,325
415,3970,14423,0,380,12,3,699,14,397
415,3970,14423,0,380,12,1,699,14,397
417,14914,4372,0,374,12,2,699,14,388
417,14914,4372,0,374,12,1,699,14,388
422,8755,15814,0,462,12,3,699,14,396
422,8755,15814,0,462,12,4,699,14,396
427,6611,12847,0,464,12,3,699,14,474
427,6611,12847,0,464,12,1,699,14,474
429,5337,9261,0,231,12,1,699,14,220
429,5337,9261,0,231,12,3,699,14,220
430,6681,14404,0,24,12,3,699,14,26
430,6681,14404,0,24,12,1,699,14,26
430,6681,14404,0,24,12,4,699,14,26
431,3514,8625,0,2,12,1,699,14,1
431,3514,8625,0,2,12,3,699,14,1
433,16308,14303,0,531,12,4,699,14,384
433,16308,14303,0,531,12,2,699,14,384
434,7019,17330,0,2,12,3,699,14,6
434,7019,17330,0,2,12,4,699,14,6
435,4953,13121,0,349,12,3,699,14,360
435,4953,13121,0,349,12,1,699,14,360
436,18723,12665,0,47,12,4,699,14,28
436,18723,12665,0,47,12,2,699,14,28
437,9654,21391,0,259,12,3,699,14,252
437,9654,21391,0,259,12,4,699,14,252
438,12450,12932,0,460,12,4,699,14,330
438,12450,12932,0,460,12,3,699,14,330
438,12450,12932,0,460,12,2,699,14,330
439,19258,11316,0,342,12,4,699,14,248
439,19258,11316,0,342,12,2,699,14,248
443,9103,21097,0,374,12,3,699,14,324
443,9103,21097,0,374,12,4,699,14,324
444,6128,12377,0,116,12,3,699,14,122
444,6128,12377,0,116,12,1,699,14,122
445,7780,15719,0,331,12,3,699,14,295
445,7780,15719,0,331,12,4,699,14,295
446,8260,9412,0,213,12,1,699,14,206
446,8260,9412,0,213,12,3,699,14,206
447,2266,9160,0,384,12,1,699,14,401
447,2266,9160,0,384,12,3,699,14,401
451,8026,7979,0,523,12,1,699,14,525
451,8026,7979,0,523,12,3,699,14,525
452,14729,8411,0,248,12,2,699,14,240
452,14729,8411,0,248,12,4,699,14,240
452,14729,8411,0,248,12,1,699,14,240
453,11528,10025,0,359,12,1,699,14,372
453,11528,10025,0,359,12,4,699,14,372
453,11528,10025,0,359,12,2,699,14,372
453,11528,10025,0,359,12,3,699,14,372
454,3223,9268,0,12,12,1,699,14,11
454,3223,9268,0,12,12,3,699,14,11
456,12022,21717,0,318,12,4,699,14,287
456,12022,21717,0,318,12,3,699,14,287
458,13051,17113,0,55,12,4,699,14,47
458,13051,17113,0,55,12,3,699,14,47
459,13995,12189,0,586,12,4,699,14,428
459,13995,12189,0,586,12,2,699,14,428
460,10032,7601,0,423,12,1,699,14,430
460,10032,7601,0,423,12,2,699,14,430
461,17917,12263,0,452,12,4,699,14,322
461,17917,12263,0,452,12,2,699,14,322
463,13338,5496,0,268,12,2,699,14,264
463,13338,5496,0,268,12,1,699,14,264
466,5681,9528,0,84,12,1,699,14,90
466,5681,9528,0,84,12,3,699,14,90
467,2535,13796,0,113,12,3,699,14,118
467,2535,13796,0,113,12,1,699,14,118
470,13368,18310,0,182,12,4,699,14,164
470,13368,18310,0,182,12,3,699,14,164
471,14790,8745,0,117,12,2,699,14,72
471,14790,8745,0,117,12,4,699,14,72
474,3716,8216,0,622,12,1,699,14,621
474,3716,8216,0,622,12,3,699,14,621
475,16028,14284,0,582,12,4,699,14,427
475,16028,14284,0,582,12,2,699,14,427
476,16889,13083,0,94,12,4,699,14,55
476,16889,13083,0,94,12,2,699,14,55
477,4320,8500,0,191,12,1,699,14,184
477,4320,8500,0,191,12,3,699,14,184
479,16328,12344,0,213,12,4,699,14,153
479,16328,12344,0,213,12,2,699,14,153
480,12415,1227,0,126,12,2,699,14,134
480,12415,1227,0,126,12,1,699,14,134
486,13761,14636,0,484,12,4,699,14,430
486,13761,14636,0,484,12,3,699,14,430
487,21496,13072,0,436,12,4,699,14,316
487,21496,13072,0,436,12,2,699,14,316
489,18623,10555,0,352,12,2,699,14,251
489,18623,10555,0,352,12,4,699,14,251
490,10202,21745,0,400,12,3,699,14,349
490,10202,21745,0,400,12,4,699,14,349
491,5400,13795,0,232,12,3,699,14,222
491,5400,13795,0,232,12,1,699,14,222
494,11260,4755,0,435,12,1,699,14,442
494,11260,4755,0,435,12,2,699,14,442
495,19727,10001,0,413,12,2,699,14,300
495,19727,10001,0,413,12,4,699,14,300
497,10699,8648,0,432,12,1,699,14,438
497,10699,8648,0,432,12,2,699,14,438
497,10699,8648,0,432,12,4,699,14,438
502,13616,13849,0,145,12,4,699,14,111
502,13616,13849,0,145,12,3,699,14,111
502,13616,13849,0,145,12,2,699,14,111
503,9671,13142,0,93,12,3,699,14,96
503,9671,13142,0,93,12,4,699,14,96
503,9671,13142,0,93,12,1,699,14,96
505,4257,13333,0,672,12,3,699,14,668
505,4257,13333,0,672,12,1,699,14,668
507,12776,6097,0,62,12,2,699,14,69
507,12776,6097,0,62,12,1,699,14,69
508,16228,14303,0,450,12,4,699,14,319
508,16228,14303,0,450,12,2,699,14,319
509,12523,18441,0,223,12,4,699,14,193
509,12523,18441,0,223,12,3,699,14,193
511,11449,9886,0,166,12,1,699,14,163
511,11449,9886,0,166,12,4,699,14,163
511,11449,9886,0,166,12,2,699,14,163
511,11449,9886,0,166,12,3,699,14,163
512,8786,5914,0,75,12,1,699,14,83
512,8786,5914,0,75,12,2,699,14,83
514,19203,10948,0,125,12,2,699,14,74
514,19203,10948,0,125,12,4,699,14,74
515,12483,4115,0,494,12,2,699,14,500
515,12483,4115,0,494,12,1,699,14,500
518,4073,11322,0,62,12,3,699,14,70
518,4073,11322,0,62,12,1,699,14,70
519,15549,11509,0,509,12,4,699,14,367
519,15549,11509,0,509,12,2,699,14,367
523,21260,10951,0,288,12,2,699,14,205
523,21260,10951,0,288,12,4,699,14,205
524,10203,5020,0,278,12,1,699,14,275
524,10203,5020,0,278,12,2,699,14,275
525,3919,13887,0,308,12,3,699,14,313
525,3919,13887,0,308,12,1,699,14,313
526,11840,11707,0,117,12,4,699,14,125
526,11840,11707,0,117,12,3,699,14,125
526,11840,11707,0,117,12,2,699,14,125
526,11840,11707,0,117,12,1,699,14,125
528,2173,11623,0,112,12,3,699,14,116
528,2173,11623,0,112,12,1,699,14,116
529,21817,12284,0,581,12,4,699,14,423
529,21817,12284,0,581,12,2,699,14,423
530,12701,14403,0,351,12,4,699,14,304
530,12701,14403,0,351,12,3,699,14,304
531,4959,12683,0,238,12,3,699,14,228
531,4959,12683,0,238,12,1,699,14,228
532,13215,3752,0,175,12,2,699,14,169
532,13215,3752,0,175,12,1,699,14,169
540,7991,14900,0,257,12,3,699,14,253
540,7991,14900,0,257,12,4,699,14,253
540,7991,14900,0,257,12,1,699,14,253
541,8216,6150,0,437,12,1,699,14,446
541,8216,6150,0,437,12,2,699,14,446
542,19879,8480,0,560,12,2,699,14,409
542,19879,8480,0,560,12,4,699,14,409
543,11768,20208,0,135,12,4,699,14,128
543,11768,20208,0,135,12,3,699,14,128
546,12891,8527,0,318,12,2,699,14,328
546,12891,8527,0,318,12,1,699,14,328
546,12891,8527,0,318,12,4,699,14,328
547,5684,11828,0,279,12,3,699,14,279
547,5684,11828,0,279,12,1,699,14,279
548,9294,15398,0,391,12,3,699,14,341
548,9294,15398,0,391,12,4,699,14,341
551,14421,16802,0,686,12,4,699,14,586
551,14421,16802,0,686,12,3,699,14,586
553,7830,7805,0,381,12,1,699,14,398
553,7830,7805,0,381,12,3,699,14,398
554,2084,9020,0,496,12,1,699,14,501
554,2084,9020,0,496,12,3,699,14,501
555,11767,20035,0,483,12,4,699,14,426
555,11767,20035,0,483,12,3,699,14,426
558,14147,5105,0,270,12,2,699,14,265
558,14147,5105,0,270,12,1,699,14,265
559,219,12975,0,571,12,3,699,14,569
559,219,12975,0,571,12,1,699,14,569
562,369,11798,0,314,12,3,699,14,319
562,369,11798,0,314,12,1,699,14,319
563,15057,7146,0,308,12,2,699,14,217
563,15057,7146,0,308,12,4,699,14,217
564,8638,16690,0,557,12,3,699,14,487
564,8638,16690,0,557,12,4,699,14,487
566,11945,5538,0,316,12,2,699,14,324
566,11945,5538,0,316,12,1,699,14,324
568,5192,13566,0,567,12,3,699,14,563
568,5192,13566,0,567,12,1,699,14,563
571,11742,12617,0,275,12,4,699,14,272
571,11742,12617,0,275,12,3,699,14,272
571,11742,12617,0,275,12,1,699,14,272
571,11742,12617,0,275,12,2,699,14,272
572,12500,16680,0,677,12,4,699,14,577
572,12500,16680,0,677,12,3,699,14,577
573,14447,9737,0,648,12,2,699,14,483
573,14447,9737,0,648,12,4,699,14,483
576,9912,15777,0,403,12,3,699,14,352
576,9912,15777,0,403,12,4,699,14,352
583,4793,8207,0,92,12,1,699,14,95
583,4793,8207,0,92,12,3,699,14,95
584,14006,13851,0,674,12,4,699,14,509
584,14006,13851,0,674,12,2,699,14,509
584,14006,13851,0,674,12,3,699,14,509
587,20535,9207,0,694,12,2,699,14,525
587,20535,9207,0,694,12,4,699,14,525
588,11994,5503,0,593,12,2,699,14,586
588,11994,5503,0,593,12,1,699,14,586
590,9486,5527,0,316,12,1,699,14,325
590,9486,5527,0,316,12,2,699,14,325
591,4260,14685,0,451,12,3,699,14,459
591,4260,14685,0,451,12,1,699,14,459
592,8089,19894,0,658,12,3,699,14,567
592,8089,19894,0,658,12,4,699,14,567
594,6462,13203,0,292,12,3,699,14,290
594,6462,13203,0,292,12,1,699,14,290
598,9949,11314,0,509,12,1,699,14,511
598,9949,11314,0,509,12,3,699,14,511
598,9949,11314,0,509,12,4,699,14,511
600,11949,466,0,619,12,2,699,14,618
600,11949,466,0,619,12,1,699,14,618
602,11793,19739,0,419,12,4,699,14,362
602,11793,19739,0,419,12,3,699,14,362
603,10853,8561,0,493,12,1,699,14,499
603,10853,8561,0,493,12,2,699,14,499
603,10853,8561,0,493,12,4,699,14,499
604,5690,10093,0,683,12,1,699,14,680
604,5690,10093,0,683,12,3,699,14,680
606,16418,8559,0,107,12,2,699,14,65
606,16418,8559,0,107,12,4,699,14,65
607,8930,2799,0,544,12,1,699,14,540
607,8930,2799,0,544,12,2,699,14,540
608,10791,379,0,654,12,1,699,14,654
608,10791,379,0,654,12,2,699,14,654
611,16876,10258,0,220,12,2,699,14,161
611,16876,10258,0,220,12,4,699,14,161
613,19530,12549,0,640,12,4,699,14,477
613,19530,12549,0,640,12,2,699,14,477
617,12881,16497,0,415,12,4,699,14,359
617,12881,16497,0,415,12,3,699,14,359
618,11887,8038,0,209,12,2,699,14,202
618,11887,8038,0,209,12,1,699,14,202
618,11887,8038,0,209,12,4,699,14,202
619,9287,13153,0,240,12,3,699,14,230
619,9287,13153,0,240,12,4,699,14,230
619,9287,13153,0,240,12,1,699,14,230
620,12686,18321,0,391,12,4,699,14,343
620,12686,18321,0,391,12,3,699,14,343
625,21018,11965,0,246,12,4,699,14,179
625,21018,11965,0,246,12,2,699,14,179
627,7242,17473,0,60,12,3,699,14,59
627,7242,17473,0,60,12,4,699,14,59
629,18112,8374,0,365,12,2,699,14,267
629,18112,8374,0,365,12,4,699,14,267
631,9198,7502,0,570,12,1,699,14,567
631,9198,7502,0,570,12,2,699,14,567
632,12891,17486,0,103,12,4,699,14,84
632,12891,17486,0,103,12,3,699,14,84
633,12333,18743,0,300,12,4,699,14,269
633,12333,18743,0,300,12,3,699,14,269
634,16461,8952,0,294,12,2,699,14,211
634,16461,8952,0,294,12,4,699,14,211
636,12715,13641,0,627,12,4,699,14,540
636,12715,13641,0,627,12,3,699,14,540
638,11187,18731,0,251,12,4,699,14,232
638,11187,18731,0,251,12,3,699,14,232
639,14325,6903,0,476,12,2,699,14,485
639,14325,6903,0,476,12,1,699,14,485
639,14325,6903,0,476,12,4,699,14,485
648,14598,6332,0,519,12,2,699,14,517
648,14598,6332,0,519,12,1,699,14,517
650,11585,13373,0,99,12,4,699,14,81
650,11585,13373,0,99,12,3,699,14,81
651,13557,4671,0,14,12,2,699,14,14
651,13557,4671,0,14,12,1,699,14,14
654,791,13003,0,559,12,3,699,14,558
654,791,13003,0,559,12,1,699,14,558
658,7907,18281,0,571,12,3,699,14,492
658,7907,18281,0,571,12,4,699,14,492
659,3438,10326,0,389,12,1,699,14,406
659,3438,10326,0,389,12,3,699,14,406
661,9061,12692,0,213,12,3,699,14,207
661,9061,12692,0,213,12,4,699,14,207
661,9061,12692,0,213,12,1,699,14,207
662,11063,13135,0,605,12,4,699,14,599
662,11063,13135,0,605,12,3,699,14,599
662,11063,13135,0,605,12,1,699,14,599
664,8258,8875,0,316,12,1,699,14,326
664,8258,8875,0,316,12,3,699,14,326
665,14137,18703,0,606,12,4,699,14,527
665,14137,18703,0,606,12,3,699,14,527
667,8327,7025,0,287,12,1,699,14,284
667,8327,7025,0,287,12,2,699,14,284
669,3300,14642,0,303,12,3,699,14,303
669,3300,14642,0,303,12,1,699,14,303
670,579,9115,0,183,12,1,699,14,177
670,579,9115,0,183,12,3,699,14,177
673,2974,10624,0,566,12,1,699,14,562
673,2974,10624,0,566,12,3,699,14,562
677,6594,9386,0,387,12,1,699,14,404
677,6594,9386,0,387,12,3,699,14,404
678,9605,10927,0,249,12,1,699,14,241
678,9605,10927,0,249,12,3,699,14,241
678,9605,10927,0,249,12,4,699,14,241
682,7603,19047,0,516,12,3,699,14,458
682,7603,19047,0,516,12,4,699,14,458
683,15727,8657,0,561,12,2,699,14,411
683,15727,8657,0,561,12,4,699,14,411
686,20585,10126,0,581,12,2,699,14,424
686,20585,10126,0,581,12,4,699,14,424
689,2233,12267,0,224,12,3,699,14,212
689,2233,12267,0,224,12,1,699,14,212
692,13916,12995,0,370,12,4,699,14,271
692,13916,12995,0,370,12,2,699,14,271
693,5870,14737,0,253,12,3,699,14,248
693,5870,14737,0,253,12,1,699,14,248
698,4174,11005,0,102,12,1,699,14,106
698,4174,11005,0,102,12,3,699,14,106
699,9014,11952,0,178,12,3,699,14,171
699,9014,11952,0,178,12,1,699,14,171
699,9014,11952,0,178,12,4,699,14,171
700,11188,3941,0,76,12,1,699,14,84
700,11188,3941,0,76,12,2,699,14,84
702,1781,10858,0,287,12,1,699,14,285
702,1781,10858,0,287,12,3,699,14,285
703,6427,10062,0,122,12,1,699,14,129
703,6427,10062,0,122,12,3,699,14,129
705,7105,7649,0,628,12,1,699,14,625
705,7105,7649,0,628,12,3,699,14,625
706,8291,19787,0,698,12,3,699,14,597
706,8291,19787,0,698,12,4,699,14,597
709,18660,9683,0,607,12,2,699,14,451
709,18660,9683,0,607,12,4,699,14,451
710,11188,582,0,43,12,1,699,14,47
710,11188,582,0,43,12,2,699,14,47
711,10439,3677,0,611,12,1,699,14,604
711,10439,3677,0,611,12,2,699,14,604
714,9013,2778,0,251,12,1,699,14,244
714,9013,2778,0,251,12,2,699,14,244
719,17596,13344,0,75,12,4,699,14,48
719,17596,13344,0,75,12,2,699,14,48
725,13316,4082,0,289,12,2,699,14,287
725,13316,4082,0,289,12,1,699,14,287
726,18114,7625,0,662,12,2,699,14,495
726,18114,7625,0,662,12,4,699,14,495
730,1263,11903,0,648,12,3,699,14,650
730,1263,11903,0,648,12,1,699,14,650
732,10395,16255,0,308,12,3,699,14,270
732,10395,16255,0,308,12,4,699,14,270
734,12010,5906,0,429,12,2,699,14,434
734,12010,5906,0,429,12,1,699,14,434
735,424,10617,0,682,12,1,699,14,678
735,424,10617,0,682,12,3,699,14,678
736,20904,10246,0,625,12,2,699,14,465
736,20904,10246,0,625,12,4,699,14,465
737,17266,14140,0,62,12,4,699,14,36
737,17266,14140,0,62,12,2,699,14,36
738,18944,9767,0,476,12,2,699,14,350
738,18944,9767,0,476,12,4,699,14,350
739,11634,4010,0,563,12,2,699,14,561
739,11634,4010,0,563,12,1,699,14,561
740,14343,6293,0,333,12,2,699,14,341
740,14343,6293,0,333,12,1,699,14,341
742,3028,14488,0,209,12,3,699,14,203
742,3028,14488,0,209,12,1,699,14,203
743,16251,7318,0,192,12,2,699,14,136
743,16251,7318,0,192,12,4,699,14,136
744,9505,4431,0,657,12,1,699,14,657
744,9505,4431,0,657,12,2,699,14,657
745,11203,6260,0,680,12,1,699,14,676
745,11203,6260,0,680,12,2,699,14,676
746,9372,20378,0,447,12,3,699,14,385
746,9372,20378,0,447,12,4,699,14,385
747,1079,9780,0,140,12,1,699,14,144
747,1079,9780,0,140,12,3,699,14,144
748,12917,9641,0,176,12,2,699,14,170
748,12917,9641,0,176,12,4,699,14,170
748,12917,9641,0,176,12,1,699,14,170
749,18406,11823,0,577,12,4,699,14,418
749,18406,11823,0,577,12,2,699,14,418
750,12540,17622,0,462,12,4,699,14,400
750,12540,17622,0,462,12,3,699,14,400
754,10818,5625,0,643,12,1,699,14,644
754,10818,5625,0,643,12,2,699,14,644
757,13790,9408,0,126,12,2,699,14,135
757,13790,9408,0,126,12,4,699,14,135
757,13790,9408,0,126,12,1,699,14,135
759,17760,7108,0,637,12,2,699,14,473
759,17760,7108,0,637,12,4,699,14,473
761,15990,9532,0,374,12,2,699,14,273
761,15990,9532,0,374,12,4,699,14,273
762,13622,3461,0,192,12,2,699,14,186
762,13622,3461,0,192,12,1,699,14,186
763,17626,9639,0,677,12,2,699,14,510
763,17626,9639,0,677,12,4,699,14,510
764,8937,15324,0,520,12,3,699,14,466
764,8937,15324,0,520,12,4,699,14,466
765,18271,10857,0,643,12,2,699,14,478
765,18271,10857,0,643,12,4,699,14,478
767,19126,13396,0,683,12,4,699,14,515
767,19126,13396,0,683,12,2,699,14,515
769,8843,14841,0,232,12,3,699,14,216
769,8843,14841,0,232,12,4,699,14,216
770,13665,7588,0,654,12,2,699,14,655
770,13665,7588,0,654,12,1,699,14,655
770,13665,7588,0,654,12,4,699,14,655
771,11978,14453,0,313,12,4,699,14,275
771,11978,14453,0,313,12,3,699,14,275
774,12295,20177,0,685,12,4,699,14,585
774,12295,20177,0,685,12,3,699,14,585
776,4270,13475,0,302,12,3,699,14,301
776,4270,13475,0,302,12,1,699,14,301
777,8569,15361,0,551,12,3,699,14,482
777,8569,15361,0,551,12,4,699,14,482
778,13873,16719,0,29,12,4,699,14,20
778,13873,16719,0,29,12,3,699,14,20
779,12459,16532,0,116,12,4,699,14,110
779,12459,16532,0,116,12,3,699,14,110
781,11669,16544,0,652,12,4,699,14,565
781,11669,16544,0,652,12,3,699,14,565
784,13223,16015,0,178,12,4,699,14,159
784,13223,16015,0,178,12,3,699,14,159
788,5375,8514,0,279,12,1,699,14,280
788,5375,8514,0,279,12,3,699,14,280
789,10527,7692,0,521,12,1,699,14,521
789,10527,7692,0,521,12,2,699,14,521
790,11173,15315,0,362,12,4,699,14,312
790,11173,15315,0,362,12,3,699,14,312
791,11799,21079,0,153,12,4,699,14,134
791,11799,21079,0,153,12,3,699,14,134
796,12397,16775,0,174,12,4,699,14,154
796,12397,16775,0,174,12,3,699,14,154
797,13385,4272,0,569,12,2,699,14,565
797,13385,4272,0,569,12,1,699,14,565
800,15573,14493,0,137,12,4,699,14,99
800,15573,14493,0,137,12,2,699,14,99
801,10013,20332,0,645,12,3,699,14,554
801,10013,20332,0,645,12,4,699,14,554
804,3199,10136,0,634,12,1,699,14,633
804,3199,10136,0,634,12,3,699,14,633
806,11129,4104,0,307,12,1,699,14,312
806,11129,4104,0,307,12,2,699,14,312
807,15894,11905,0,611,12,4,699,14,456
807,15894,11905,0,611,12,2,699,14,456
808,14514,9216,0,378,12,2,699,14,395
808,14514,9216,0,378,12,4,699,14,395
808,14514,9216,0,378,12,1,699,14,395
814,9971,1028,0,294,12,1,699,14,291
814,9971,1028,0,294,12,2,699,14,291
817,5491,9684,0,381,12,1,699,14,399
817,5491,9684,0,381,12,3,699,14,399
818,12090,19489,0,394,12,4,699,14,347
818,12090,19489,0,394,12,3,699,14,347
821,20375,9008,0,629,12,2,699,14,469
821,20375,9008,0,629,12,4,699,14,469
822,505,11226,0,23,12,3,699,14,23
822,505,11226,0,23,12,1,699,14,23
824,8382,11591,0,18,12,3,699,14,17
824,8382,11591,0,18,12,1,699,14,17
824,8382,11591,0,18,12,4,699,14,17
830,10661,5494,0,135,12,1,699,14,142
830,10661,5494,0,135,12,2,699,14,142
834,15019,5066,0,551,12,2,699,14,548
834,15019,5066,0,551,12,1,699,14,548
836,132,12011,0,486,12,3,699,14,493
836,132,12011,0,486,12,1,699,14,493
837,14657,9073,0,315,12,2,699,14,225
837,14657,9073,0,315,12,4,699,14,225
843,17064,8294,0,292,12,2,699,14,210
843,17064,8294,0,292,12,4,699,14,210
845,8033,10077,0,342,12,1,699,14,351
845,8033,10077,0,342,12,3,699,14,351
848,11759,6635,0,590,12,2,699,14,580
848,11759,6635,0,590,12,1,699,14,580
850,10631,6005,0,653,12,1,699,14,653
850,10631,6005,0,653,12,2,699,14,653
851,13249,2709,0,590,12,2,699,14,581
851,13249,2709,0,590,12,1,699,14,581
857,9512,11873,0,454,12,3,699,14,461
857,9512,11873,0,454,12,1,699,14,461
857,9512,11873,0,454,12,4,699,14,461
858,8169,5890,0,6,12,1,699,14,7
858,8169,5890,0,6,12,2,699,14,7
859,4029,9942,0,306,12,1,699,14,309
859,4029,9942,0,306,12,3,699,14,309
863,11383,7368,0,599,12,1,699,14,590
863,11383,7368,0,599,12,2,699,14,590
865,5428,9430,0,153,12,1,699,14,155
865,5428,9430,0,153,12,3,699,14,155
866,21052,10623,0,299,12,2,699,14,212
866,21052,10623,0,299,12,4,699,14,212
868,3260,9026,0,428,12,1,699,14,433
868,3260,9026,0,428,12,3,699,14,433
869,7815,8064,0,592,12,1,699,14,583
869,7815,8064,0,592,12,3,699,14,583
870,12732,6061,0,448,12,2,699,14,457
870,12732,6061,0,448,12,1,699,14,457
871,10882,11388,0,10,12,4,699,14,9
871,10882,11388,0,10,12,1,699,14,9
871,10882,11388,0,10,12,3,699,14,9
871,10882,11388,0,10,12,2,699,14,9
874,9719,956,0,315,12,1,699,14,321
874,9719,956,0,315,12,2,699,14,321
876,11760,16418,0,450,12,4,699,14,388
876,11760,16418,0,450,12,3,699,14,388
878,19333,13242,0,472,12,4,699,14,340
878,19333,13242,0,472,12,2,699,14,340
881,17717,7265,0,216,12,2,699,14,156
881,17717,7265,0,216,12,4,699,14,156
882,12490,1593,0,632,12,2,699,14,629
882,12490,1593,0,632,12,1,699,14,629
884,16112,13418,0,645,12,4,699,14,480
884,16112,13418,0,645,12,2,699,14,480
885,11197,10412,0,556,12,4,699,14,555
885,11197,10412,0,556,12,1,699,14,555
885,11197,10412,0,556,12,2,699,14,555
885,11197,10412,0,556,12,3,699,14,555
886,3318,11880,0,612,12,3,699,14,606
886,3318,11880,0,612,12,1,699,14,606
887,11465,15481,0,511,12,4,699,14,457
887,11465,15481,0,511,12,3,699,14,457
888,13510,14889,0,3,12,4,699,14,14
888,13510,14889,0,3,12,3,699,14,14
889,4911,7339,0,206,12,1,699,14,197
889,4911,7339,0,206,12,3,699,14,197
890,19303,12733,0,199,12,4,699,14,139
890,19303,12733,0,199,12,2,699,14,139
891,18118,14240,0,179,12,4,699,14,123
891,18118,14240,0,179,12,2,699,14,123
893,14968,10245,0,610,12,2,699,14,455
893,14968,10245,0,610,12,4,699,14,455
894,10048,13191,0,644,12,3,699,14,645
894,10048,13191,0,644,12,4,699,14,645
894,10048,13191,0,644,12,1,699,14,645
895,623,11639,0,462,12,3,699,14,471
895,623,11639,0,462,12,1,699,14,471
897,7090,12690,0,93,12,3,699,14,97
897,7090,12690,0,93,12,1,699,14,97
897,7090,12690,0,93,12,4,699,14,97
898,13987,13939,0,62,12,4,699,14,37
898,13987,13939,0,62,12,2,699,14,37
898,13987,13939,0,62,12,3,699,14,37
900,16193,12341,0,259,12,4,699,14,184
900,16193,12341,0,259,12,2,699,14,184
901,16969,7979,0,472,12,2,699,14,342
901,16969,7979,0,472,12,4,699,14,342
902,10454,18981,0,68,12,3,699,14,68
902,10454,18981,0,68,12,4,699,14,68
903,10708,6911,0,278,12,1,699,14,276
903,10708,6911,0,278,12,2,699,14,276
904,15611,9150,0,128,12,2,699,14,76
904,15611,9150,0,128,12,4,699,14,76
905,21619,10956,0,49,12,2,699,14,32
905,21619,10956,0,49,12,4,699,14,32
908,8439,7982,0,46,12,1,699,14,50
908,8439,7982,0,46,12,3,699,14,50
913,11190,10930,0,365,12,4,699,14,378
913,11190,10930,0,365,12,1,699,14,378
913,11190,10930,0,365,12,3,699,14,378
913,11190,10930,0,365,12,2,699,14,378
918,12407,8896,0,129,12,2,699,14,137
918,12407,8896,0,129,12,1,699,14,137
918,12407,8896,0,129,12,4,699,14,137
919,20022,8802,0,267,12,2,699,14,187
919,20022,8802,0,267,12,4,699,14,187
923,11922,18713,0,473,12,4,699,14,417
923,11922,18713,0,473,12,3,699,14,417
929,12372,3577,0,557,12,2,699,14,556
929,12372,3577,0,557,12,1,699,14,556
931,16608,12973,0,311,12,4,699,14,222
931,16608,12973,0,311,12,2,699,14,222
933,15752,10561,0,409,12,4,699,14,293
933,15752,10561,0,409,12,2,699,14,293
934,13013,11759,0,146,12,4,699,14,149
934,13013,11759,0,146,12,2,699,14,149
934,13013,11759,0,146,12,3,699,14,149
934,13013,11759,0,146,12,1,699,14,149
935,12230,17667,0,325,12,4,699,14,288
935,12230,17667,0,325,12,3,699,14,288
937,3929,8678,0,302,12,1,699,14,302
937,3929,8678,0,302,12,3,699,14,302
938,1815,11393,0,84,12,3,699,14,91
938,1815,11393,0,84,12,1,699,14,91
941,20140,13363,0,619,12,4,699,14,462
941,20140,13363,0,619,12,2,699,14,462
944,9537,3252,0,123,12,1,699,14,130
944,9537,3252,0,123,12,2,699,14,130
945,10147,21858,0,193,12,3,699,14,169
945,10147,21858,0,193,12,4,699,14,169
946,14793,3824,0,466,12,2,699,14,475
946,14793,3824,0,466,12,1,699,14,475
947,981,10702,0,637,12,1,699,14,638
947,981,10702,0,637,12,3,699,14,638
948,15838,11074,0,54,12,4,699,14,33
948,15838,11074,0,54,12,2,699,14,33
949,3717,10020,0,660,12,1,699,14,659
949,3717,10020,0,660,12,3,699,14,659
950,9372,12071,0,441,12,3,699,14,449
950,9372,12071,0,441,12,1,699,14,449
950,9372,12071,0,441,12,4,699,14,449
956,2587,8742,0,435,12,1,699,14,443
956,2587,8742,0,435,12,3,699,14,443
957,1913,13026,0,655,12,3,699,14,656
957,1913,13026,0,655,12,1,699,14,656
959,15980,8452,0,594,12,2,699,14,441
959,15980,8452,0,594,12,4,699,14,441
961,15883,13318,0,657,12,4,699,14,493
961,15883,13318,0,657,12,2,699,14,493
962,17134,12434,0,592,12,4,699,14,439
962,17134,12434,0,592,12,2,699,14,439
963,7649,8429,0,13,12,1,699,14,13
963,7649,8429,0,13,12,3,699,14,13
965,8465,5667,0,414,12,1,699,14,426
965,8465,5667,0,414,12,2,699,14,426
976,13919,8434,0,456,12,2,699,14,463
976,13919,8434,0,456,12,4,699,14,463
976,13919,8434,0,456,12,1,699,14,463
977,19583,8067,0,33,12,2,699,14,15
977,19583,8067,0,33,12,4,699,14,15
978,1083,11140,0,460,12,3,699,14,469
978,1083,11140,0,460,12,1,699,14,469
979,10789,4088,0,526,12,1,699,14,529
979,10789,4088,0,526,12,2,699,14,529
983,3050,13102,0,665,12,3,699,14,666
983,3050,13102,0,665,12,1,699,14,666
984,8845,13952,0,134,12,3,699,14,140
984,8845,13952,0,134,12,4,699,14,140
984,8845,13952,0,134,12,1,699,14,140
987,8057,18214,0,124,12,3,699,14,124
987,8057,18214,0,124,12,4,699,14,124
989,11045,837,0,394,12,1,699,14,410
989,11045,837,0,394,12,2,699,14,410
993,12387,1956,0,119,12,2,699,14,127
993,12387,1956,0,119,12,1,699,14,127
996,18989,14523,0,330,12,4,699,14,235
996,18989,14523,0,330,12,2,699,14,235
997,5250,11504,0,55,12,3,699,14,65
997,5250,11504,0,55,12,1,699,14,65
998,4387,14681,0,49,12,3,699,14,57
998,4387,14681,0,49,12,1,699,14,57
1001,12383,412,0,690,12,2,699,14,685
1001,12383,412,0,690,12,1,699,14,685
1004,21540,13167,0,206,12,4,699,14,146
1004,21540,13167,0,206,12,2,699,14,146
1007,241,9467,0,624,12,1,699,14,622
1007,241,9467,0,624,12,3,699,14,622
1008,12272,12904,0,150,12,4,699,14,117
1008,12272,12904,0,150,12,3,699,14,117
1008,12272,12904,0,150,12,2,699,14,117
1009,10729,19990,0,264,12,3,699,14,254
1009,10729,19990,0,264,12,4,699,14,254
1010,10015,4397,0,381,12,1,699,14,400
1010,10015,4397,0,381,12,2,699,14,400
1011,18199,13081,0,667,12,4,699,14,501
1011,18199,13081,0,667,12,2,699,14,501
1013,5913,8515,0,339,12,1,699,14,345
1013,5913,8515,0,339,12,3,699,14,345
1014,12789,2950,0,265,12,2,699,14,261
1014,12789,2950,0,265,12,1,699,14,261
1016,18034,7032,0,606,12,2,699,14,450
1016,18034,7032,0,606,12,4,699,14,450
1017,20266,12051,0,42,12,4,699,14,18
1017,20266,12051,0,42,12,2,699,14,18
1020,16493,8567,0,331,12,2,699,14,236
1020,16493,8567,0,331,12,4,699,14,236
1024,17866,9144,0,308,12,2,699,14,218
1024,17866,9144,0,308,12,4,699,14,218
1025,2741,13647,0,33,12,3,699,14,42
1025,2741,13647,0,33,12,1,699,14,42
1026,14007,15075,0,225,12,4,699,14,204
1026,14007,15075,0,225,12,3,699,14,204
1029,13350,13559,0,515,12,4,699,14,376
1029,13350,13559,0,515,12,3,699,14,376
1029,13350,13559,0,515,12,2,699,14,376
1030,16584,8335,0,357,12,2,699,14,256
1030,16584,8335,0,357,12,4,699,14,256
1032,20118,9219,0,342,12,2,699,14,249
1032,20118,9219,0,342,12,4,699,14,249
1036,8350,4374,0,536,12,1,699,14,534
1036,8350,4374,0,536,12,2,699,14,534
1037,20083,13950,0,485,12,4,699,14,355
1037,20083,13950,0,485,12,2,699,14,355
1039,14142,12879,0,693,12,4,699,14,522
1039,14142,12879,0,693,12,2,699,14,522
1043,18744,9533,0,503,12,2,699,14,363
1043,18744,9533,0,503,12,4,699,14,363
1044,17328,9768,0,192,12,2,699,14,138
1044,17328,9768,0,192,12,4,699,14,138
1045,19284,11059,0,140,12,2,699,14,103
1045,19284,11059,0,140,12,4,699,14,103
1046,19246,14438,0,525,12,4,699,14,381
1046,19246,14438,0,525,12,2,699,14,381
1048,17734,12615,0,277,12,4,699,14,196
1048,17734,12615,0,277,12,2,699,14,196
1053,10700,10745,0,267,12,1,699,14,263
1053,10700,10745,0,267,12,4,699,14,263
1053,10700,10745,0,267,12,3,699,14,263
1053,10700,10745,0,267,12,2,699,14,263
1055,6736,10792,0,132,12,1,699,14,139
1055,6736,10792,0,132,12,3,699,14,139
1057,13474,14871,0,313,12,4,699,14,276
1057,13474,14871,0,313,12,3,699,14,276
1060,9941,12110,0,213,12,3,699,14,208
1060,9941,12110,0,213,12,4,699,14,208
1060,9941,12110,0,213,12,1,699,14,208
1061,19226,8212,0,21,12,2,699,14,11
1061,19226,8212,0,21,12,4,699,14,11
1062,13718,18966,0,114,12,4,699,14,104
1062,13718,18966,0,114,12,3,699,14,104
1063,9292,20015,0,314,12,3,699,14,277
1063,9292,20015,0,314,12,4,699,14,277
1064,4491,14123,0,361,12,3,699,14,375
1064,4491,14123,0,361,12,1,699,14,375
1065,13634,5227,0,370,12,2,699,14,387
1065,13634,5227,0,370,12,1,699,14,387
1067,14386,9890,0,208,12,2,699,14,151
1067,14386,9890,0,208,12,4,699,14,151
1069,2207,14013,0,171,12,3,699,14,165
1069,2207,14013,0,171,12,1,699,14,165
1070,10370,11560,0,189,12,4,699,14,182
1070,10370,11560,0,189,12,3,699,14,182
1070,10370,11560,0,189,12,1,699,14,182
1070,10370,11560,0,189,12,2,699,14,182
1075,6615,14814,0,64,12,3,699,14,73
1075,6615,14814,0,64,12,1,699,14,73
1075,6615,14814,0,64,12,4,699,14,73
1078,17167,9793,0,94,12,2,699,14,57
1078,17167,9793,0,94,12,4,699,14,57
1079,12156,141,0,26,12,2,699,14,29
1079,12156,141,0,26,12,1,699,14,29
1082,16228,12038,0,106,12,4,699,14,62
1082,16228,12038,0,106,12,2,699,14,62
1083,8184,19726,0,650,12,3,699,14,561
1083,8184,19726,0,650,12,4,699,14,561
1085,161,9648,0,398,12,1,699,14,412
1085,161,9648,0,398,12,3,699,14,412
1090,11435,20329,0,440,12,4,699,14,377
1090,11435,20329,0,440,12,3,699,14,377
1093,18034,10786,0,87,12,2,699,14,52
1093,18034,10786,0,87,12,4,699,14,52
1094,5167,10669,0,96,12,1,699,14,101
1094,5167,10669,0,96,12,3,699,14,101
1095,20171,9428,0,75,12,2,699,14,49
1095,20171,9428,0,75,12,4,699,14,49
1096,13375,9034,0,635,12,2,699,14,634
1096,13375,9034,0,635,12,4,699,14,634
1096,13375,9034,0,635,12,1,699,14,634
1101,10127,1883,0,240,12,1,699,14,231
1101,10127,1883,0,240,12,2,699,14,231
1105,21443,11676,0,13,12,4,699,14,4
1105,21443,11676,0,13,12,2,699,14,4
1106,6554,16239,0,542,12,3,699,14,479
1106,6554,16239,0,542,12,4,699,14,479
1108,12260,16592,0,369,12,4,699,14,321
1108,12260,16592,0,369,12,3,699,14,321
1109,15007,10014,0,546,12,2,699,14,394
1109,15007,10014,0,546,12,4,699,14,394
1110,5999,7907,0,228,12,1,699,14,217
1110,5999,7907,0,228,12,3,699,14,217
1111,10013,3173,0,25,12,1,699,14,27
1111,10013,3173,0,25,12,2,699,14,27
1113,12460,2025,0,68,12,2,699,14,77
1113,12460,2025,0,68,12,1,699,14,77
1120,9843,15964,0,448,12,3,699,14,387
1120,9843,15964,0,448,12,4,699,14,387
1121,13910,10335,0,466,12,4,699,14,476
1121,13910,10335,0,466,12,2,699,14,476
1121,13910,10335,0,466,12,1,699,14,476
1125,18832,8840,0,404,12,2,699,14,289
1125,18832,8840,0,404,12,4,699,14,289
1126,2021,10539,0,57,12,1,699,14,66
1126,2021,10539,0,57,12,3,699,14,66
1127,8211,18494,0,619,12,3,699,14,534
1127,8211,18494,0,619,12,4,699,14,534
1128,10717,17964,0,445,12,4,699,14,383
1128,10717,17964,0,445,12,3,699,14,383
1130,12625,20201,0,73,12,4,699,14,77
1130,12625,20201,0,73,12,3,699,14,77
1132,10232,12338,0,141,12,4,699,14,147
1132,10232,12338,0,141,12,3,699,14,147
1132,10232,12338,0,141,12,1,699,14,147
1136,12716,7606,0,146,12,2,699,14,150
1136,12716,7606,0,146,12,1,699,14,150
1136,12716,7606,0,146,12,4,699,14,150
1142,8505,14518,0,157,12,3,699,14,157
1142,8505,14518,0,157,12,4,699,14,157
1142,8505,14518,0,157,12,1,699,14,157
1143,12343,6241,0,403,12,2,699,14,416
1143,12343,6241,0,403,12,1,699,14,416
1144,15842,13389,0,358,12,4,699,14,257
1144,15842,13389,0,358,12,2,699,14,257
1145,15378,10499,0,488,12,4,699,14,356
1145,15378,10499,0,488,12,2,699,14,356
1149,12605,11135,0,23,12,4,699,14,24
1149,12605,11135,0,23,12,2,699,14,24
1149,12605,11135,0,23,12,1,699,14,24
1149,12605,11135,0,23,12,3,699,14,24
1151,1709,8609,0,366,12,1,699,14,381
1151,1709,8609,0,366,12,3,699,14,381
1154,8891,19029,0,167,12,3,699,14,142
1154,8891,19029,0,167,12,4,699,14,142
1160,8188,16930,0,357,12,3,699,14,307
1160,8188,16930,0,357,12,4,699,14,307
1164,9412,12831,0,243,12,3,699,14,234
1164,9412,12831,0,243,12,4,699,14,234
1164,9412,12831,0,243,12,1,699,14,234
1165,11341,21828,0,611,12,4,699,14,530
1165,11341,21828,0,611,12,3,699,14,530
1166,1278,8379,0,220,12,1,699,14,210
1166,1278,8379,0,220,12,3,699,14,210
1168,4935,10502,0,322,12,1,699,14,335
1168,4935,10502,0,322,12,3,699,14,335
1169,4185,8779,0,108,12,1,699,14,112
1169,4185,8779,0,108,12,3,699,14,112
1170,5358,9805,0,314,12,1,699,14,320
1170,5358,9805,0,314,12,3,699,14,320
1172,13099,8649,0,681,12,2,699,14,677
1172,13099,8649,0,681,12,4,699,14,677
1172,13099,8649,0,681,12,1,699,14,677
1174,15117,12211,0,587,12,4,699,14,435
1174,15117,12211,0,587,12,2,699,14,435
1175,10873,19327,0,210,12,4,699,14,190
1175,10873,19327,0,210,12,3,699,14,190
1176,4124,8595,0,484,12,1,699,14,489
1176,4124,8595,0,484,12,3,699,14,489
1177,10621,12448,0,570,12,4,699,14,568
1177,10621,12448,0,570,12,3,699,14,568
1177,10621,12448,0,570,12,1,699,14,568
1178,12853,14143,0,530,12,4,699,14,467
1178,12853,14143,0,530,12,3,699,14,467
1180,20828,10296,0,467,12,2,699,14,336
1180,20828,10296,0,467,12,4,699,14,336
1181,17164,11393,0,136,12,4,699,14,95
1181,17164,11393,0,136,12,2,699,14,95
1182,13103,6673,0,113,12,2,699,14,119
1182,13103,6673,0,113,12,1,699,14,119
1183,13863,4265,0,32,12,2,699,14,39
1183,13863,4265,0,32,12,1,699,14,39
1186,6244,12753,0,8,12,3,699,14,8
1186,6244,12753,0,8,12,1,699,14,8
1188,14952,5509,0,204,12,2,699,14,192
1188,14952,5509,0,204,12,1,699,14,192
1189,17334,13927,0,139,12,4,699,14,100
1189,17334,13927,0,139,12,2,699,14,100
1190,10020,685,0,236,12,1,699,14,226
1190,10020,685,0,236,12,2,699,14,226
1191,18957,10502,0,129,12,2,699,14,79
1191,18957,10502,0,129,12,4,699,14,79
1192,15589,11311,0,136,12,4,699,14,98
1192,15589,11311,0,136,12,2,699,14,98
1197,2680,9946,0,116,12,1,699,14,123
1197,2680,9946,0,116,12,3,699,14,123
1198,6773,11799,0,630,12,3,699,14,627
1198,6773,11799,0,630,12,1,699,14,627
1200,8551,17889,0,474,12,3,699,14,419
1200,8551,17889,0,474,12,4,699,14,419
1204,9415,20665,0,594,12,3,699,14,516
1204,9415,20665,0,594,12,4,699,14,516
1206,11509,20920,0,105,12,4,699,14,87
1206,11509,20920,0,105,12,3,699,14,87
1207,15386,13178,0,470,12,4,699,14,338
1207,15386,13178,0,470,12,2,699,14,338
1208,18918,9894,0,536,12,2,699,14,389
1208,18918,9894,0,536,12,4,699,14,389
1210,2034,13106,0,557,12,3,699,14,557
1210,2034,13106,0,557,12,1,699,14,557
1213,15055,6274,0,134,12,2,699,14,141
1213,15055,6274,0,134,12,1,699,14,141
1214,13805,12228,0,150,12,4,699,14,109
1214,13805,12228,0,150,12,2,699,14,109
1216,7777,11545,0,628,12,3,699,14,626
1216,7777,11545,0,628,12,1,699,14,626
1216,7777,11545,0,628,12,4,699,14,626
1217,13498,15507,0,490,12,4,699,14,432
1217,13498,15507,0,490,12,3,699,14,432
1218,10385,16390,0,72,12,3,699,14,75
1218,10385,16390,0,72,12,4,699,14,75
1219,3160,10949,0,520,12,1,699,14,520
1219,3160,10949,0,520,12,3,699,14,520
1222,3890,8265,0,374,12,1,699,14,389
1222,3890,8265,0,374,12,3,699,14,389
1224,823,9781,0,22,12,1,699,14,21
1224,823,9781,0,22,12,3,699,14,21
1225,19616,12536,0,14,12,4,699,14,5
1225,19616,12536,0,14,12,2,699,14,5
1230,12459,11173,0,159,12,4,699,14,160
1230,12459,11173,0,159,12,2,699,14,160
1230,12459,11173,0,159,12,1,699,14,160
1230,12459,11173,0,159,12,3,699,14,160
1233,12798,21384,0,284,12,4,699,14,266
1233,12798,21384,0,284,12,3,699,14,266
1235,17484,14479,0,464,12,4,699,14,332
1235,17484,14479,0,464,12,2,699,14,332
1236,12471,7694,0,52,12,2,699,14,61
1236,12471,7694,0,52,12,1,699,14,61
1236,12471,7694,0,52,12,4,699,14,61
1238,11429,15216,0,368,12,4,699,14,315
1238,11429,15216,0,368,12,3,699,14,315
1241,8345,8054,0,83,12,1,699,14,89
1241,8345,8054,0,83,12,3,699,14,89
1242,7170,9936,0,661,12,1,699,14,662
1242,7170,9936,0,661,12,3,699,14,662
1244,2605,12422,0,460,12,3,699,14,470
1244,2605,12422,0,460,12,1,699,14,470
1246,5237,12444,0,123,12,3,699,14,131
1246,5237,12444,0,123,12,1,699,14,131
1248,13286,12899,0,672,12,4,699,14,507
1248,13286,12899,0,672,12,2,699,14,507
1248,13286,12899,0,672,12,3,699,14,507
1252,14741,9436,0,678,12,2,699,14,514
1252,14741,9436,0,678,12,4,699,14,514
1253,8367,16880,0,434,12,3,699,14,370
1253,8367,16880,0,434,12,4,699,14,370
1256,18257,12427,0,93,12,4,699,14,54
1256,18257,12427,0,93,12,2,699,14,54
1257,3124,14538,0,616,12,3,699,14,614
1257,3124,14538,0,616,12,1,699,14,614
1259,11285,20670,0,626,12,4,699,14,539
1259,11285,20670,0,626,12,3,699,14,539
1262,11670,5854,0,229,12,2,699,14,219
1262,11670,5854,0,229,12,1,699,14,219
1263,10338,21693,0,208,12,3,699,14,188
1263,10338,21693,0,208,12,4,699,14,188
1264,13850,9692,0,635,12,2,699,14,635
1264,13850,9692,0,635,12,4,699,14,635
1264,13850,9692,0,635,12,1,699,14,635
1269,11261,8989,0,282,12,1,699,14,281
1269,11261,8989,0,282,12,2,699,14,281
1269,11261,8989,0,282,12,4,699,14,281
1270,13262,11054,0,435,12,4,699,14,444
1270,13262,11054,0,435,12,2,699,14,444
1270,13262,11054,0,435,12,1,699,14,444
1272,19027,8513,0,139,12,2,699,14,101
1272,19027,8513,0,139,12,4,699,14,101
1274,5224,9242,0,206,12,1,699,14,198
1274,5224,9242,0,206,12,3,699,14,198
1275,12257,21748,0,124,12,4,699,14,126
1275,12257,21748,0,124,12,3,699,14,126
1282,8659,11439,0,545,12,3,699,14,542
1282,8659,11439,0,545,12,1,699,14,542
1282,8659,11439,0,545,12,4,699,14,542
1285,19054,8574,0,659,12,2,699,14,494
1285,19054,8574,0,659,12,4,699,14,494
1286,10722,12417,0,453,12,4,699,14,460
1286,10722,12417,0,453,12,3,699,14,460
1286,10722,12417,0,453,12,1,699,14,460
1287,16108,11721,0,65,12,4,699,14,38
1287,16108,11721,0,65,12,2,699,14,38
1288,12658,19066,0,385,12,4,699,14,337
1288,12658,19066,0,385,12,3,699,14,337
1291,12899,14626,0,655,12,4,699,14,566
1291,12899,14626,0,655,12,3,699,14,566
1292,13459,17724,0,172,12,4,699,14,143
1292,13459,17724,0,172,12,3,699,14,143
1293,7237,18973,0,226,12,3,699,14,214
1293,7237,18973,0,226,12,4,699,14,214
1295,6954,7941,0,284,12,1,699,14,283
1295,6954,7941,0,284,12,3,699,14,283
1296,11379,3400,0,483,12,1,699,14,487
1296,11379,3400,0,483,12,2,699,14,487
1297,9210,18382,0,245,12,3,699,14,231
1297,9210,18382,0,245,12,4,699,14,231
1299,6954,10176,0,220,12,1,699,14,211
1299,6954,10176,0,220,12,3,699,14,211
1301,4825,7327,0,496,12,1,699,14,502
1301,4825,7327,0,496,12,3,699,14,502
1302,13409,8143,0,601,12,2,699,14,592
1302,13409,8143,0,601,12,1,699,14,592
1302,13409,8143,0,601,12,4,699,14,592
1303,18830,10663,0,26,12,2,699,14,12
1303,18830,10663,0,26,12,4,699,14,12
1304,3894,8304,0,391,12,1,699,14,407
1304,3894,8304,0,391,12,3,699,14,407
1306,8884,6165,0,49,12,1,699,14,58
1306,8884,6165,0,49,12,2,699,14,58
1307,4133,14069,0,332,12,3,699,14,340
1307,4133,14069,0,332,12,1,699,14,340
1308,17048,10999,0,607,12,4,699,14,452
1308,17048,10999,0,607,12,2,699,14,452
1311,2790,10959,0,635,12,1,699,14,636
1311,2790,10959,0,635,12,3,699,14,636
1312,3385,9485,0,433,12,1,699,14,439
1312,3385,9485,0,433,12,3,699,14,439
1313,12470,12531,0,454,12,4,699,14,329
1313,12470,12531,0,454,12,3,699,14,329
1313,12470,12531,0,454,12,2,699,14,329
1315,11064,17389,0,598,12,4,699,14,524
1315,11064,17389,0,598,12,3,699,14,524
1316,8947,6332,0,449,12,1,699,14,458
1316,8947,6332,0,449,12,2,699,14,458
1319,10237,14030,0,53,12,3,699,14,63
1319,10237,14030,0,53,12,4,699,14,63
1319,10237,14030,0,53,12,1,699,14,63
1320,8952,21471,0,90,12,3,699,14,78
1320,8952,21471,0,90,12,4,699,14,78
1321,9480,13169,0,2,12,3,699,14,2
1321,9480,13169,0,2,12,4,699,14,2
1321,9480,13169,0,2,12,1,699,14,2
1326,10504,8526,0,294,12,1,699,14,292
1326,10504,8526,0,294,12,2,699,14,292
1326,10504,8526,0,294,12,4,699,14,292
1329,13204,18429,0,381,12,4,699,14,331
1329,13204,18429,0,381,12,3,699,14,331
1330,10785,10482,0,173,12,1,699,14,167
1330,10785,10482,0,173,12,4,699,14,167
1330,10785,10482,0,173,12,3,699,14,167
1330,10785,10482,0,173,12,2,699,14,167
1332,10469,11365,0,109,12,4,699,14,113
1332,10469,11365,0,109,12,1,699,14,113
1332,10469,11365,0,109,12,3,699,14,113
1332,10469,11365,0,109,12,2,699,14,113
1333,649,12647,0,417,12,3,699,14,427
1333,649,12647,0,417,12,1,699,14,427
1334,6642,15048,0,633,12,3,699,14,631
1334,6642,15048,0,633,12,4,699,14,631
1334,6642,15048,0,633,12,1,699,14,631
1335,19432,12923,0,309,12,4,699,14,221
1335,19432,12923,0,309,12,2,699,14,221
1337,12813,14163,0,237,12,4,699,14,224
1337,12813,14163,0,237,12,3,699,14,224
1338,11373,10354,0,474,12,4,699,14,484
1338,11373,10354,0,474,12,1,699,14,484
1338,11373,10354,0,474,12,2,699,14,484
1338,11373,10354,0,474,12,3,699,14,484
1339,9059,10580,0,62,12,1,699,14,71
1339,9059,10580,0,62,12,3,699,14,71
1339,9059,10580,0,62,12,4,699,14,71
1340,7990,10156,0,386,12,1,699,14,403
1340,7990,10156,0,386,12,3,699,14,403
1344,14984,13806,0,245,12,4,699,14,177
1344,14984,13806,0,245,12,2,699,14,177
1347,16227,11493,0,364,12,4,699,14,260
1347,16227,11493,0,364,12,2,699,14,260
1349,5483,12366,0,472,12,3,699,14,481
1349,5483,12366,0,472,12,1,699,14,481
1351,6916,7770,0,490,12,1,699,14,498
1351,6916,7770,0,490,12,3,699,14,498
1352,16100,8396,0,356,12,2,699,14,255
1352,16100,8396,0,356,12,4,699,14,255
1353,11562,20891,0,224,12,4,699,14,201
1353,11562,20891,0,224,12,3,699,14,201
1355,6822,15119,0,205,12,3,699,14,180
1355,6822,15119,0,205,12,4,699,14,180
1356,10089,21480,0,205,12,3,699,14,183
1356,10089,21480,0,205,12,4,699,14,183
1357,12461,1152,0,699,12,2,699,14,692
1357,12461,1152,0,699,12,1,699,14,692
1359,9810,17180,0,347,12,3,699,14,299
1359,9810,17180,0,347,12,4,699,14,299
1361,10284,11760,0,183,12,4,699,14,178
1361,10284,11760,0,183,12,3,699,14,178
1361,10284,11760,0,183,12,1,699,14,178
1367,670,9538,0,115,12,1,699,14,121
1367,670,9538,0,115,12,3,699,14,121
1368,12244,18471,0,485,12,4,699,14,431
1368,12244,18471,0,485,12,3,699,14,431
1371,11308,3700,0,171,12,1,699,14,166
1371,11308,3700,0,171,12,2,699,14,166
1374,19877,13483,0,42,12,4,699,14,19
1374,19877,13483,0,42,12,2,699,14,19
1381,12917,20015,0,625,12,4,699,14,536
1381,12917,20015,0,625,12,3,699,14,536
1382,21731,9305,0,460,12,2,699,14,327
1382,21731,9305,0,460,12,4,699,14,327
1386,13106,20680,0,683,12,4,699,14,581
1386,13106,20680,0,683,12,3,699,14,581
1389,15003,10961,0,542,12,4,699,14,392
1389,15003,10961,0,542,12,2,699,14,392
1391,7187,16839,0,440,12,3,699,14,379
1391,7187,16839,0,440,12,4,699,14,379
1392,9131,4949,0,107,12,1,699,14,110
1392,9131,4949,0,107,12,2,699,14,110
1393,9336,4957,0,356,12,1,699,14,365
1393,9336,4957,0,356,12,2,699,14,365
1394,8945,6103,0,185,12,1,699,14,180
1394,8945,6103,0,185,12,2,699,14,180
1395,10896,5991,0,659,12,1,699,14,658
1395,10896,5991,0,659,12,2,699,14,658
1397,9921,17843,0,294,12,3,699,14,268
1397,9921,17843,0,294,12,4,699,14,268
1401,12918,5158,0,121,12,2,699,14,128
1401,12918,5158,0,121,12,1,699,14,128
1402,7788,12376,0,647,12,3,699,14,648
1402,7788,12376,0,647,12,1,699,14,648
1402,7788,12376,0,647,12,4,699,14,648
1403,12300,20410,0,565,12,4,699,14,491
1403,12300,20410,0,565,12,3,699,14,491
1405,11897,18723,0,132,12,4,699,14,127
1405,11897,18723,0,132,12,3,699,14,127
1406,2643,9816,0,125,12,1,699,14,133
1406,2643,9816,0,125,12,3,699,14,133
1409,3259,13326,0,15,12,3,699,14,15
1409,3259,13326,0,15,12,1,699,14,15
1411,5519,13746,0,676,12,3,699,14,673
1411,5519,13746,0,676,12,1,699,14,673
1416,13667,14763,0,54,12,4,699,14,46
1416,13667,14763,0,54,12,3,699,14,46
1418,5298,7575,0,599,12,1,699,14,591
1418,5298,7575,0,599,12,3,699,14,591
1419,9017,1969,0,555,12,1,699,14,554
1419,9017,1969,0,555,12,2,699,14,554
1422,9753,12873,0,596,12,3,699,14,588
1422,9753,12873,0,596,12,4,699,14,588
1422,9753,12873,0,596,12,1,699,14,588
1424,11378,16463,0,624,12,4,699,14,535
1424,11378,16463,0,624,12,3,699,14,535
1425,8576,6543,0,647,12,1,699,14,649
1425,8576,6543,0,647,12,2,699,14,649
1426,544,10636,0,638,12,1,699,14,639
1426,544,10636,0,638,12,3,699,14,639
1427,10774,9474,0,87,12,1,699,14,92
1427,10774,9474,0,87,12,2,699,14,92
1427,10774,9474,0,87,12,4,699,14,92
1427,10774,9474,0,87,12,3,699,14,92
1428,12084,12169,0,663,12,4,699,14,664
1428,12084,12169,0,663,12,3,699,14,664
1428,12084,12169,0,663,12,2,699,14,664
1428,12084,12169,0,663,12,1,699,14,664
1429,7826,14400,0,651,12,3,699,14,651
1429,7826,14400,0,651,12,4,699,14,651
1429,7826,14400,0,651,12,1,699,14,651
1430,2222,14210,0,105,12,3,699,14,108
1430,2222,14210,0,105,12,1,699,14,108
1432,5545,10140,0,348,12,1,699,14,358
1432,5545,10140,0,348,12,3,699,14,358
1434,12584,10571,0,503,12,4,699,14,506
1434,12584,10571,0,503,12,2,699,14,506
1434,12584,10571,0,503,12,1,699,14,506
1438,12477,16508,0,181,12,4,699,14,162
1438,12477,16508,0,181,12,3,699,14,162
1439,10682,18445,0,493,12,3,699,14,436
1439,10682,18445,0,493,12,4,699,14,436
1441,18623,14621,0,59,12,4,699,14,35
1441,18623,14621,0,59,12,2,699,14,35
1442,10064,11823,0,27,12,3,699,14,30
1442,10064,11823,0,27,12,4,699,14,30
1442,10064,11823,0,27,12,1,699,14,30
1444,12050,15286,0,211,12,4,699,14,191
1444,12050,15286,0,211,12,3,699,14,191
1446,9366,7782,0,57,12,1,699,14,67
1446,9366,7782,0,57,12,2,699,14,67
1452,15299,8039,0,234,12,2,699,14,172
1452,15299,8039,0,234,12,4,699,14,172
1456,8802,6541,0,27,12,1,699,14,31
1456,8802,6541,0,27,12,2,699,14,31
1458,20190,13336,0,662,12,4,699,14,496
1458,20190,13336,0,662,12,2,699,14,496
1462,4142,12677,0,684,12,3,699,14,681
1462,4142,12677,0,684,12,1,699,14,681
1463,10759,18922,0,578,12,4,699,14,500
1463,10759,18922,0,578,12,3,699,14,500
1464,7307,15933,0,326,12,3,699,14,291
1464,7307,15933,0,326,12,4,699,14,291
1465,17594,12458,0,692,12,4,699,14,520
1465,17594,12458,0,692,12,2,699,14,520
1467,19893,9006,0,512,12,2,699,14,371
1467,19893,9006,0,512,12,4,699,14,371
1469,9905,487,0,341,12,1,699,14,348
1469,9905,487,0,341,12,2,699,14,348
1470,7770,8770,0,110,12,1,699,14,114
1470,7770,8770,0,110,12,3,699,14,114
1471,11780,11551,0,612,12,4,699,14,607
1471,11780,11551,0,612,12,1,699,14,607
1471,11780,11551,0,612,12,3,699,14,607
1471,11780,11551,0,612,12,2,699,14,607
1472,4549,7826,0,394,12,1,699,14,411
1472,4549,7826,0,394,12,3,699,14,411
1473,6120,11658,0,399,12,3,699,14,413
1473,6120,11658,0,399,12,1,699,14,413
1474,11275,10644,0,181,12,4,699,14,174
1474,11275,10644,0,181,12,1,699,14,174
1474,11275,10644,0,181,12,2,699,14,174
1474,11275,10644,0,181,12,3,699,14,174
1475,16231,7441,0,498,12,2,699,14,358
1475,16231,7441,0,498,12,4,699,14,358
1476,12669,13867,0,283,12,4,699,14,265
1476,12669,13867,0,283,12,3,699,14,265
1477,20251,10996,0,607,12,2,699,14,453
1477,20251,10996,0,607,12,4,699,14,453
1478,8588,5090,0,204,12,1,699,14,193
1478,8588,5090,0,204,12,2,699,14,193
1479,15442,13745,0,547,12,4,699,14,397
1479,15442,13745,0,547,12,2,699,14,397
1480,13789,14873,0,360,12,4,699,14,311
1480,13789,14873,0,360,12,3,699,14,311
1482,32,11052,0,310,12,3,699,14,317
1482,32,11052,0,310,12,1,699,14,317
1483,6074,13188,0,106,12,3,699,14,109
1483,6074,13188,0,106,12,1,699,14,109
1485,2087,11490,0,521,12,3,699,14,522
1485,2087,11490,0,521,12,1,699,14,522
1486,10391,19897,0,616,12,3,699,14,531
1486,10391,19897,0,616,12,4,699,14,531
1489,9406,2094,0,202,12,1,699,14,191
1489,9406,2094,0,202,12,2,699,14,191
1491,16244,7277,0,363,12,2,699,14,259
1491,16244,7277,0,363,12,4,699,14,259
1492,12763,17868,0,607,12,4,699,14,529
1492,12763,17868,0,607,12,3,699,14,529
1499,6128,7484,0,456,12,1,699,14,464
1499,6128,7484,0,456,12,3,699,14,464
1503,9833,5738,0,158,12,1,699,14,158
1503,9833,5738,0,158,12,2,699,14,158
1508,6510,11648,0,252,12,3,699,14,245
1508,6510,11648,0,252,12,1,699,14,245
1509,3027,9440,0,589,12,1,699,14,579
1509,3027,9440,0,589,12,3,699,14,579
1511,12933,12690,0,446,12,4,699,14,318
1511,12933,12690,0,446,12,2,699,14,318
1511,12933,12690,0,446,12,3,699,14,318
1512,12342,9932,0,439,12,2,699,14,447
1512,12342,9932,0,439,12,4,699,14,447
1512,12342,9932,0,439,12,1,699,14,447
1514,6686,11148,0,19,12,1,699,14,18
1514,6686,11148,0,19,12,3,699,14,18
1517,9292,19318,0,106,12,3,699,14,94
1517,9292,19318,0,106,12,4,699,14,94
1518,12749,19036,0,55,12,4,699,14,56
1518,12749,19036,0,55,12,3,699,14,56
1520,7944,8324,0,675,12,1,699,14,672
1520,7944,8324,0,675,12,3,699,14,672
1521,14837,14207,0,465,12,4,699,14,334
1521,14837,14207,0,465,12,2,699,14,334
1522,11916,1596,0,190,12,2,699,14,183
1522,11916,1596,0,190,12,1,699,14,183
1523,16284,6573,0,191,12,2,699,14,133
1523,16284,6573,0,191,12,4,699,14,133
1524,12764,10185,0,484,12,4,699,14,490
1524,12764,10185,0,484,12,2,699,14,490
1524,12764,10185,0,484,12,1,699,14,490
1527,16465,14359,0,548,12,4,699,14,398
1527,16465,14359,0,548,12,2,699,14,398
1528,2014,12213,0,357,12,3,699,14,367
1528,2014,12213,0,357,12,1,699,14,367
1532,20771,9868,0,185,12,2,699,14,129
1532,20771,9868,0,185,12,4,699,14,129
1533,11199,8697,0,50,12,1,699,14,60
1533,11199,8697,0,50,12,2,699,14,60
1533,11199,8697,0,50,12,4,699,14,60
1534,16853,13686,0,505,12,4,699,14,364
1534,16853,13686,0,505,12,2,699,14,364
1536,3047,10729,0,486,12,1,699,14,494
1536,3047,10729,0,486,12,3,699,14,494
1537,9766,15180,0,335,12,3,699,14,297
1537,9766,15180,0,335,12,4,699,14,297
1538,11257,3593,0,240,12,1,699,14,232
1538,11257,3593,0,240,12,2,699,14,232
1541,13460,8683,0,297,12,2,699,14,296
1541,13460,8683,0,297,12,4,699,14,296
1541,13460,8683,0,297,12,1,699,14,296
1542,5296,8261,0,316,12,1,699,14,327
1542,5296,8261,0,316,12,3,699,14,327
1546,4248,14099,0,592,12,3,699,14,584
1546,4248,14099,0,592,12,1,699,14,584
1547,9348,7833,0,289,12,1,699,14,288
1547,9348,7833,0,289,12,2,699,14,288
1548,526,10685,0,205,12,1,699,14,195
1548,526,10685,0,205,12,3,699,14,195
1549,11415,11755,0,76,12,4,699,14,85
1549,11415,11755,0,76,12,3,699,14,85
1549,11415,11755,0,76,12,1,699,14,85
1549,11415,11755,0,76,12,2,699,14,85
1550,10334,5786,0,341,12,1,699,14,349
1550,10334,5786,0,341,12,2,699,14,349
1551,2154,13317,0,29,12,3,699,14,35
1551,2154,13317,0,29,12,1,699,14,35
1552,3743,10509,0,356,12,1,699,14,366
1552,3743,10509,0,356,12,3,699,14,366
1553,8937,15528,0,580,12,3,699,14,503
1553,8937,15528,0,580,12,4,699,14,503
1557,10395,10389,0,232,12,1,699,14,223
1557,10395,10389,0,232,12,4,699,14,223
1557,10395,10389,0,232,12,3,699,14,223
1557,10395,10389,0,232,12,2,699,14,223
1559,2549,10313,0,609,12,1,699,14,602
1559,2549,10313,0,609,12,3,699,14,602
1561,11752,2369,0,574,12,2,699,14,571
1561,11752,2369,0,574,12,1,699,14,571
1563,4176,12195,0,174,12,3,699,14,168
1563,4176,12195,0,174,12,1,699,14,168
1566,19339,12311,0,548,12,4,699,14,399
1566,19339,12311,0,548,12,2,699,14,399
1568,17008,11668,0,646,12,4,699,14,481
1568,17008,11668,0,646,12,2,699,14,481
1573,12125,9842,0,245,12,2,699,14,237
1573,12125,9842,0,245,12,4,699,14,237
1573,12125,9842,0,245,12,1,699,14,237
1578,13273,6210,0,227,12,2,699,14,214
1578,13273,6210,0,227,12,1,699,14,214
1579,10647,13161,0,103,12,4,699,14,107
1579,10647,13161,0,103,12,3,699,14,107
1579,10647,13161,0,103,12,1,699,14,107
1580,10240,14141,0,396,12,3,699,14,348
1580,10240,14141,0,396,12,4,699,14,348
1582,10723,19699,0,582,12,3,699,14,512
1582,10723,19699,0,582,12,4,699,14,512
1583,10190,18367,0,275,12,3,699,14,261
1583,10190,18367,0,275,12,4,699,14,261
1586,13127,14096,0,123,12,4,699,14,119
1586,13127,14096,0,123,12,3,699,14,119
1587,11932,16085,0,638,12,4,699,14,550
1587,11932,16085,0,638,12,3,699,14,550
1589,16125,10817,0,386,12,4,699,14,278
1589,16125,10817,0,386,12,2,699,14,278
1591,7630,14664,0,411,12,3,699,14,422
1591,7630,14664,0,411,12,4,699,14,422
1591,7630,14664,0,411,12,1,699,14,422
1592,10813,16524,0,478,12,4,699,14,425
1592,10813,16524,0,478,12,3,699,14,425
1596,8928,11285,0,544,12,1,699,14,541
1596,8928,11285,0,544,12,3,699,14,541
1596,8928,11285,0,544,12,4,699,14,541
1597,10545,19074,0,432,12,3,699,14,369
1597,10545,19074,0,432,12,4,699,14,369
