id,x,y,z,deadline,sf,gateways,windowlength,slotlength,delay
1,1908,7693,0,367,12,1,502,14.9695,1153.191
2,17414,3909,0,404,12,2,502,14.9695,2290.352
3,18738,178,0,75,12,2,502,14.9695,363.687
4,8094,59,0,245,12,1,502,14.9695,1527.584
5,9880,1315,0,401,12,1:2,502,14.9695,5120.955
6,9417,8558,0,308,12,1:2,502,14.9695,4404.753
7,4852,274,0,21,12,1,502,14.9695,23.648
8,9341,1221,0,363,12,1,502,14.9695,4995.751
9,13724,11547,0,41,12,2,502,14.9695,527.799
10,12343,9235,0,28,12,2:1,502,14.9695,371.625
11,7229,11174,0,127,12,1,502,14.9695,35.150
12,5377,6179,0,251,12,1,502,14.9695,1836.977
13,21478,793,0,168,12,2,502,14.9695,1970.019
14,7085,527,0,81,12,1,502,14.9695,488.313
15,12625,4985,0,253,12,2:1,502,14.9695,1358.985
16,18270,5308,0,478,12,2,502,14.9695,3990.400
17,2625,9491,0,227,12,1,502,14.9695,3061.108
18,1803,12009,0,42,12,1,502,14.9695,252.356
19,6200,7877,0,33,12,1,502,14.9695,385.206
20,22204,758,0,331,12,2,502,14.9695,4736.633
21,4706,3602,0,261,12,1,502,14.9695,1597.907
22,14192,3225,0,232,12,2:1,502,14.9695,1095.185
23,4668,11018,0,134,12,1,502,14.9695,1894.888
24,1972,37,0,382,12,1,502,14.9695,2341.803
25,10063,6614,0,328,12,1:2,502,14.9695,3142.978
26,373,9176,0,64,12,1,502,14.9695,876.167
27,14788,9378,0,408,12,2,502,14.9695,4042.956
28,6358,7911,0,167,12,1,502,14.9695,990.277
29,8826,2378,0,343,12,1:2,502,14.9695,782.828
30,415,5859,0,279,12,1,502,14.9695,2858.374
31,10652,6134,0,157,12,1:2,502,14.9695,1692.792
32,18275,226,0,173,12,2,502,14.9695,8.150
33,3162,2271,0,364,12,1,502,14.9695,1844.583
34,22522,7516,0,135,12,2,502,14.9695,803.194
35,4082,4514,0,472,12,1,502,14.9695,2263.094
36,5306,5100,0,61,12,1,502,14.9695,158.342
37,15060,11902,0,13,12,2,502,14.9695,66.279
38,5466,2927,0,380,12,1,502,14.9695,1201.408
39,20879,10111,0,463,12,2,502,14.9695,5210.203
40,6349,8676,0,58,12,1,502,14.9695,780.370
41,11805,7583,0,431,12,2:1,502,14.9695,1916.602
42,994,5071,0,399,12,1,502,14.9695,130.229
43,6820,2650,0,54,12,1,502,14.9695,15.519
44,16919,1340,0,464,12,2,502,14.9695,4932.710
45,16670,2643,0,233,12,2,502,14.9695,425.207
46,21733,2573,0,280,12,2,502,14.9695,738.982
47,15948,2370,0,432,12,2,502,14.9695,2863.235
48,10315,6376,0,416,12,1:2,502,14.9695,171.973
49,10671,564,0,417,12,1:2,502,14.9695,264.684
50,4731,4703,0,178,12,1,502,14.9695,1435.741
51,23562,2157,0,384,12,2,502,14.9695,492.235
52,4292,4480,0,181,12,1,502,14.9695,2280.951
53,6108,8144,0,299,12,1,502,14.9695,1407.693
54,14675,7262,0,81,12,2:1,502,14.9695,32.795
55,20154,9754,0,379,12,2,502,14.9695,4735.559
56,3163,9046,0,48,12,1,502,14.9695,391.103
57,6461,4453,0,21,12,1,502,14.9695,238.376
58,15478,11550,0,261,12,2,502,14.9695,3507.138
59,20602,4295,0,51,12,2,502,14.9695,92.824
60,16256,10162,0,374,12,2,502,14.9695,701.200
61,3896,10710,0,188,12,1,502,14.9695,2367.869
62,22514,1293,0,331,12,2,502,14.9695,3398.768
63,1471,2290,0,309,12,1,502,14.9695,4269.008
64,5068,3902,0,78,12,1,502,14.9695,665.467
65,13959,6443,0,167,12,2:1,502,14.9695,1011.198
66,16775,12104,0,108,12,2,502,14.9695,669.332
67,5446,11574,0,279,12,1,502,14.9695,2831.203
68,8626,2012,0,467,12,1,502,14.9695,5354.008
69,16939,1308,0,130,12,2,502,14.9695,832.820
70,14258,1547,0,186,12,2,502,14.9695,2636.667
71,3242,3029,0,466,12,1,502,14.9695,6438.974
72,16304,7765,0,128,12,2,502,14.9695,863.940
73,9051,4666,0,438,12,1:2,502,14.9695,1161.192
74,18392,2910,0,353,12,2,502,14.9695,3032.025
75,4050,1109,0,204,12,1,502,14.9695,831.816
76,17714,5564,0,144,12,2,502,14.9695,1084.287
77,22793,9465,0,424,12,2,502,14.9695,4546.669
78,2779,7511,0,287,12,1,502,14.9695,3457.556
79,2378,11709,0,387,12,1,502,14.9695,2068.709
80,5719,765,0,45,12,1,502,14.9695,556.189
81,10835,1942,0,270,12,1:2,502,14.9695,3984.661
82,10937,8113,0,413,12,1:2,502,14.9695,2709.395
83,16890,8690,0,380,12,2,502,14.9695,3552.390
84,15386,3286,0,214,12,2,502,14.9695,158.600
85,6893,8480,0,269,12,1,502,14.9695,1107.685
86,23290,9222,0,472,12,2,502,14.9695,6700.391
87,5537,10978,0,50,12,1,502,14.9695,693.531
88,18979,5781,0,360,12,2,502,14.9695,5097.601
89,1618,7336,0,250,12,1,502,14.9695,2032.156
90,20160,10409,0,128,12,2,502,14.9695,699.631
91,5898,7524,0,10,12,1,502,14.9695,67.464
92,4974,5467,0,322,12,1,502,14.9695,1883.354
93,6678,2584,0,372,12,1,502,14.9695,3084.696
94,8439,7292,0,459,12,1:2,502,14.9695,3189.142
95,6516,123,0,218,12,1,502,14.9695,2825.279
96,19209,10515,0,470,12,2,502,14.9695,4527.907
97,11349,2064,0,247,12,1:2,502,14.9695,2492.585
98,941,11224,0,88,12,1,502,14.9695,1149.707
99,19093,4579,0,476,12,2,502,14.9695,4455.375
100,458,4250,0,449,12,1,502,14.9695,286.081
101,8794,7514,0,282,12,1:2,502,14.9695,3023.516
102,12745,389,0,389,12,2:1,502,14.9695,1615.916
103,9548,6971,0,500,12,1:2,502,14.9695,6098.889
104,4733,6391,0,325,12,1,502,14.9695,3309.443
105,7006,6115,0,98,12,1,502,14.9695,615.896
106,8231,9567,0,54,12,1,502,14.9695,119.791
107,11449,9386,0,179,12,1:2,502,14.9695,2127.324
108,1671,10691,0,427,12,1,502,14.9695,5205.947
109,12910,3492,0,63,12,2:1,502,14.9695,163.784
110,8884,6802,0,428,12,1:2,502,14.9695,1051.838
111,12583,11976,0,75,12,2:1,502,14.9695,582.560
112,18185,9040,0,235,12,2,502,14.9695,1211.206
113,1271,11163,0,285,12,1,502,14.9695,2355.295
114,10663,2992,0,428,12,1:2,502,14.9695,1033.751
115,14156,707,0,28,12,2,502,14.9695,88.882
116,13915,9143,0,271,12,2:1,502,14.9695,210.745
117,1858,10707,0,308,12,1,502,14.9695,4360.880
118,15397,10633,0,285,12,2,502,14.9695,1072.233
119,16343,1463,0,148,12,2,502,14.9695,1816.469
120,17302,2230,0,413,12,2,502,14.9695,4016.466
121,22883,6730,0,405,12,2,502,14.9695,5092.118
122,1974,7218,0,311,12,1,502,14.9695,352.815
123,4710,10235,0,181,12,1,502,14.9695,639.564
124,22739,10048,0,152,12,2,502,14.9695,1970.416
125,17317,9420,0,101,12,2,502,14.9695,1175.634
126,9912,6986,0,114,12,1:2,502,14.9695,420.393
127,14703,4242,0,346,12,2:1,502,14.9695,1546.500
128,9641,2374,0,359,12,1:2,502,14.9695,513.432
129,18617,4340,0,276,12,2,502,14.9695,3393.399
130,17960,4748,0,434,12,2,502,14.9695,1730.470
131,5914,5330,0,175,12,1,502,14.9695,2450.812
132,21684,3091,0,127,12,2,502,14.9695,143.284
133,16746,462,0,152,12,2,502,14.9695,1754.782
134,19435,9840,0,433,12,2,502,14.9695,1166.470
135,10193,1398,0,266,12,1:2,502,14.9695,1613.003
136,17191,3451,0,209,12,2,502,14.9695,378.170
137,18804,8684,0,55,12,2,502,14.9695,133.545
138,23210,10713,0,191,12,2,502,14.9695,1242.337
139,1057,5526,0,402,12,1,502,14.9695,1580.780
140,19823,11728,0,454,12,2,502,14.9695,5929.577
141,15234,7048,0,27,12,2,502,14.9695,387.464
142,9327,1884,0,30,12,1:2,502,14.9695,317.393
143,6973,9509,0,206,12,1,502,14.9695,982.501
144,23149,2590,0,136,12,2,502,14.9695,1119.069
145,15668,10418,0,38,12,2,502,14.9695,543.294
146,17312,1052,0,66,12,2,502,14.9695,218.724
147,1389,8637,0,15,12,1,502,14.9695,25.642
148,2829,3310,0,482,12,1,502,14.9695,2372.456
149,9168,2688,0,385,12,1:2,502,14.9695,3279.481
150,20684,4793,0,275,12,2,502,14.9695,3296.994
151,8825,7627,0,197,12,1:2,502,14.9695,2827.674
152,7604,9130,0,168,12,1,502,14.9695,2017.549
153,13635,4847,0,377,12,2:1,502,14.9695,4044.061
154,12768,2907,0,242,12,2:1,502,14.9695,2900.879
155,22014,2841,0,399,12,2,502,14.9695,5789.651
156,11610,5446,0,384,12,1:2,502,14.9695,5139.720
157,2666,7209,0,103,12,1,502,14.9695,265.577
158,14317,6671,0,161,12,2:1,502,14.9695,1131.997
159,17926,6612,0,156,12,2,502,14.9695,2101.378
160,22521,6301,0,397,12,2,502,14.9695,1711.432
161,8420,5737,0,9,12,1:2,502,14.9695,107.012
162,10455,5719,0,189,12,1:2,502,14.9695,2369.781
163,22385,8636,0,8,12,2,502,14.9695,103.445
164,20775,2229,0,157,12,2,502,14.9695,2251.370
165,7928,7351,0,486,12,1,502,14.9695,2305.800
166,15785,10279,0,177,12,2,502,14.9695,2508.657
167,16337,1755,0,402,12,2,502,14.9695,2551.640
168,18622,10673,0,292,12,2,502,14.9695,2357.006
169,11490,11545,0,441,12,1:2,502,14.9695,1296.296
170,20418,4607,0,284,12,2,502,14.9695,763.180
171,11567,3934,0,181,12,1:2,502,14.9695,345.669
172,22721,11598,0,434,12,2,502,14.9695,2249.399
173,8082,1944,0,85,12,1,502,14.9695,1159.045
174,22587,3735,0,337,12,2,502,14.9695,4024.003
175,9650,2872,0,80,12,1:2,502,14.9695,1044.448
176,1334,5675,0,116,12,1,502,14.9695,651.248
177,16221,3078,0,182,12,2,502,14.9695,159.506
178,6328,7329,0,349,12,1,502,14.9695,970.357
179,5250,925,0,445,12,1,502,14.9695,401.465
180,8809,8763,0,237,12,1:2,502,14.9695,1237.555
181,9358,4731,0,6,12,1:2,502,14.9695,44.933
182,4627,444,0,26,12,1,502,14.9695,179.515
183,20854,11354,0,211,12,2,502,14.9695,2703.583
184,21244,7537,0,211,12,2,502,14.9695,2121.784
185,17975,7738,0,321,12,2,502,14.9695,3387.664
186,15608,7683,0,98,12,2,502,14.9695,205.237
187,10898,5489,0,495,12,1:2,502,14.9695,4485.392
188,13009,9245,0,339,12,2:1,502,14.9695,2782.664
189,4322,2826,0,147,12,1,502,14.9695,146.785
190,2298,8672,0,263,12,1,502,14.9695,2429.986
191,22938,7908,0,457,12,2,502,14.9695,4687.429
192,15782,6634,0,181,12,2,502,14.9695,1203.510
193,19161,3190,0,387,12,2,502,14.9695,5212.038
194,7023,4100,0,68,12,1,502,14.9695,285.975
195,23348,727,0,96,12,2,502,14.9695,1121.891
196,12398,5053,0,328,12,2:1,502,14.9695,3564.571
197,14982,10201,0,101,12,2,502,14.9695,791.578
198,7371,9777,0,476,12,1,502,14.9695,2539.612
199,14577,5905,0,281,12,2:1,502,14.9695,3006.540
200,21361,4774,0,256,12,2,502,14.9695,658.059
201,13794,5304,0,496,12,2:1,502,14.9695,1499.190
202,1966,3037,0,396,12,1,502,14.9695,4083.719
203,17141,2405,0,271,12,2,502,14.9695,2440.745
204,7748,6480,0,450,12,1,502,14.9695,4714.665
205,5144,83,0,139,12,1,502,14.9695,648.968
206,6381,7660,0,31,12,1,502,14.9695,346.717
207,17462,498,0,134,12,2,502,14.9695,1921.136
208,20371,5643,0,33,12,2,502,14.9695,212.446
209,12578,9149,0,312,12,2:1,502,14.9695,2265.852
210,1161,4194,0,113,12,1,502,14.9695,418.033
211,2064,704,0,265,12,1,502,14.9695,2730.070
212,22930,6008,0,63,12,2,502,14.9695,56.971
213,13072,8930,0,334,12,2:1,502,14.9695,3605.839
214,10262,6936,0,280,12,1:2,502,14.9695,695.649
215,19076,3060,0,327,12,2,502,14.9695,176.297
216,16193,11432,0,341,12,2,502,14.9695,3554.210
217,9074,4329,0,243,12,1:2,502,14.9695,1408.843
218,6065,1224,0,410,12,1,502,14.9695,854.624
219,7014,10476,0,374,12,1,502,14.9695,4068.172
220,668,10492,0,285,12,1,502,14.9695,1859.773
221,4055,8508,0,391,12,1,502,14.9695,4699.669
222,17164,9051,0,79,12,2,502,14.9695,309.228
223,11016,23,0,287,12,1:2,502,14.9695,2478.871
224,22426,748,0,287,12,2,502,14.9695,433.043
225,5636,2020,0,419,12,1,502,14.9695,5345.679
226,3640,10458,0,390,12,1,502,14.9695,2577.288
227,6020,9922,0,291,12,1,502,14.9695,501.281
228,14887,7260,0,34,12,2:1,502,14.9695,334.373
229,21537,7781,0,87,12,2,502,14.9695,1023.336
230,19361,2492,0,296,12,2,502,14.9695,4052.991
231,2940,4908,0,9,12,1,502,14.9695,94.588
232,2981,4313,0,349,12,1,502,14.9695,3864.447
233,6240,6745,0,332,12,1,502,14.9695,4353.729
234,21975,3513,0,190,12,2,502,14.9695,2570.340
235,4262,10061,0,424,12,1,502,14.9695,4944.639
236,22175,11556,0,47,12,2,502,14.9695,501.215
237,21495,10854,0,123,12,2,502,14.9695,867.832
238,11803,4324,0,85,12,2:1,502,14.9695,837.827
239,17313,8768,0,154,12,2,502,14.9695,1437.228
240,3826,2701,0,176,12,1,502,14.9695,1602.497
241,19099,9048,0,457,12,2,502,14.9695,666.730
242,8190,11349,0,205,12,1,502,14.9695,1342.263
243,22965,9158,0,430,12,2,502,14.9695,3081.572
244,13695,4470,0,222,12,2:1,502,14.9695,2720.432
245,23424,10751,0,500,12,2,502,14.9695,3156.527
246,10483,761,0,229,12,1:2,502,14.9695,3309.315
247,2919,4225,0,280,12,1,502,14.9695,3647.562
248,5364,1459,0,167,12,1,502,14.9695,1761.780
249,3872,4516,0,96,12,1,502,14.9695,985.363
250,9166,8858,0,339,12,1:2,502,14.9695,1134.110
251,13947,5752,0,325,12,2:1,502,14.9695,3842.371
252,7125,6020,0,166,12,1,502,14.9695,1548.390
253,7383,4142,0,102,12,1,502,14.9695,788.199
254,21553,2275,0,475,12,2,502,14.9695,3512.891
255,13684,9761,0,314,12,2:1,502,14.9695,2907.336
256,15119,8352,0,373,12,2,502,14.9695,4974.993
257,15286,3695,0,405,12,2,502,14.9695,1148.608
258,14042,10986,0,197,12,2,502,14.9695,1230.363
259,19112,4723,0,312,12,2,502,14.9695,4540.719
260,10389,10656,0,84,12,1:2,502,14.9695,1017.907
261,21382,4492,0,51,12,2,502,14.9695,56.609
262,8103,7480,0,111,12,1,502,14.9695,984.294
263,8705,1493,0,19,12,1,502,14.9695,234.371
264,18950,6074,0,78,12,2,502,14.9695,641.459
265,6160,2316,0,322,12,1,502,14.9695,740.291
266,9949,526,0,163,12,1:2,502,14.9695,2071.497
267,9981,11812,0,485,12,1,502,14.9695,339.046
268,15495,2506,0,82,12,2,502,14.9695,1172.959
269,12465,8206,0,254,12,2:1,502,14.9695,1731.550
270,13642,3262,0,71,12,2:1,502,14.9695,890.339
271,375,2782,0,51,12,1,502,14.9695,472.058
272,2354,4152,0,371,12,1,502,14.9695,22.121
273,14606,7752,0,376,12,2:1,502,14.9695,3922.254
274,16282,10377,0,50,12,2,502,14.9695,507.950
275,20507,10907,0,409,12,2,502,14.9695,950.179
276,941,5450,0,287,12,1,502,14.9695,2356.792
277,13604,5551,0,308,12,2:1,502,14.9695,2203.885
278,14285,11190,0,144,12,2,502,14.9695,1097.136
279,18607,4576,0,454,12,2,502,14.9695,5032.201
280,6148,6317,0,129,12,1,502,14.9695,397.297
281,10750,5800,0,368,12,1:2,502,14.9695,1820.105
282,19961,10989,0,100,12,2,502,14.9695,1131.702
283,19944,11917,0,306,12,2,502,14.9695,3251.774
284,18304,1583,0,332,12,2,502,14.9695,4700.037
285,12657,9668,0,264,12,2:1,502,14.9695,1256.597
286,20041,11641,0,473,12,2,502,14.9695,1225.610
287,11677,5530,0,439,12,2:1,502,14.9695,3525.180
288,7286,12094,0,381,12,1,502,14.9695,722.038
289,657,1053,0,235,12,1,502,14.9695,2169.735
290,18998,11617,0,104,12,2,502,14.9695,1334.187
291,16961,1828,0,243,12,2,502,14.9695,1423.866
292,20026,9666,0,340,12,2,502,14.9695,4461.443
293,20343,1311,0,485,12,2,502,14.9695,6088.911
294,5465,2235,0,192,12,1,502,14.9695,1596.410
295,14987,466,0,102,12,2,502,14.9695,983.326
296,12087,6081,0,386,12,2:1,502,14.9695,5043.189
297,10442,3655,0,419,12,1:2,502,14.9695,5568.303
298,6202,5839,0,373,12,1,502,14.9695,1319.257
299,12752,5664,0,78,12,2:1,502,14.9695,165.888
300,16498,1915,0,70,12,2,502,14.9695,4.214
301,7847,10205,0,22,12,1,502,14.9695,242.203
302,11667,11660,0,256,12,1:2,502,14.9695,3699.808
303,22788,5158,0,203,12,2,502,14.9695,886.465
304,20800,6094,0,271,12,2,502,14.9695,3843.468
305,2096,10767,0,355,12,1,502,14.9695,4760.705
306,8469,8356,0,118,12,1,502,14.9695,240.410
307,4179,1894,0,124,12,1,502,14.9695,74.510
308,9387,8199,0,403,12,1:2,502,14.9695,338.637
309,3057,829,0,30,12,1,502,14.9695,368.356
310,5084,6561,0,323,12,1,502,14.9695,1132.738
311,3641,10181,0,468,12,1,502,14.9695,4536.997
312,23227,1561,0,352,12,2,502,14.9695,1052.296
313,5660,10934,0,365,12,1,502,14.9695,2472.998
314,7363,5407,0,19,12,1,502,14.9695,217.899
315,10929,3210,0,478,12,1:2,502,14.9695,2405.398
316,4247,10793,0,372,12,1,502,14.9695,5074.144
317,978,1112,0,364,12,1,502,14.9695,688.340
318,12467,8024,0,316,12,2:1,502,14.9695,913.480
319,4412,8927,0,83,12,1,502,14.9695,303.152
320,13779,10710,0,14,12,2:1,502,14.9695,84.020
321,14530,10857,0,202,12,2,502,14.9695,415.772
322,4461,1281,0,268,12,1,502,14.9695,923.560
323,2711,379,0,185,12,1,502,14.9695,2310.097
324,12480,288,0,120,12,2:1,502,14.9695,1471.763
325,5274,9024,0,222,12,1,502,14.9695,2075.145
326,3511,10710,0,117,12,1,502,14.9695,799.183
327,13606,10312,0,297,12,2:1,502,14.9695,1114.232
328,7843,10096,0,361,12,1,502,14.9695,4737.613
329,9782,8141,0,13,12,1:2,502,14.9695,135.854
330,17831,1978,0,105,12,2,502,14.9695,332.424
331,1702,5181,0,229,12,1,502,14.9695,1325.280
332,13070,5555,0,127,12,2:1,502,14.9695,1457.769
333,15206,9653,0,350,12,2,502,14.9695,1642.639
334,747,4946,0,94,12,1,502,14.9695,873.102
335,5830,2389,0,299,12,1,502,14.9695,300.652
336,384,11436,0,93,12,1,502,14.9695,840.497
337,1806,4174,0,42,12,1,502,14.9695,595.014
338,15866,1536,0,64,12,2,502,14.9695,97.570
339,18927,2962,0,424,12,2,502,14.9695,454.963
340,12950,11347,0,12,12,2:1,502,14.9695,55.279
341,6815,136,0,383,12,1,502,14.9695,1055.452
342,10562,3622,0,266,12,1:2,502,14.9695,3604.092
343,3089,434,0,11,12,1,502,14.9695,111.019
344,7211,6041,0,231,12,1,502,14.9695,2230.308
345,20705,5535,0,88,12,2,502,14.9695,806.200
346,16716,7269,0,25,12,2,502,14.9695,279.297
347,19685,273,0,490,12,2,502,14.9695,2551.269
348,6816,10900,0,395,12,1,502,14.9695,402.346
349,18358,11215,0,233,12,2,502,14.9695,1231.877
350,10147,2649,0,119,12,1:2,502,14.9695,1182.972
351,1150,9244,0,413,12,1,502,14.9695,2051.830
352,14106,11588,0,395,12,2,502,14.9695,1373.772
353,17651,10304,0,255,12,2,502,14.9695,3617.658
354,2242,10638,0,122,12,1,502,14.9695,301.166
355,19492,2772,0,457,12,2,502,14.9695,2740.497
356,16745,2722,0,444,12,2,502,14.9695,5985.238
357,13075,5862,0,89,12,2:1,502,14.9695,383.880
358,12686,7137,0,68,12,2:1,502,14.9695,273.918
359,22904,6510,0,100,12,2,502,14.9695,81.460
360,5207,7305,0,396,12,1,502,14.9695,1682.856
361,16082,3329,0,362,12,2,502,14.9695,630.561
362,15828,7095,0,81,12,2,502,14.9695,901.117
363,16301,7573,0,46,12,2,502,14.9695,152.827
364,16766,8655,0,458,12,2,502,14.9695,3460.644
365,2577,34,0,91,12,1,502,14.9695,987.119
366,7312,2731,0,78,12,1,502,14.9695,743.634
367,12986,2555,0,269,12,2:1,502,14.9695,1765.596
368,1987,8035,0,123,12,1,502,14.9695,1368.459
369,11660,3095,0,76,12,2:1,502,14.9695,334.692
370,2444,7535,0,171,12,1,502,14.9695,2203.065
371,20543,8562,0,171,12,2,502,14.9695,1022.520
372,2285,3397,0,479,12,1,502,14.9695,2726.608
373,15165,33,0,295,12,2,502,14.9695,4063.379
374,2803,8869,0,61,12,1,502,14.9695,707.966
375,5762,3224,0,109,12,1,502,14.9695,341.689
376,6915,1825,0,499,12,1,502,14.9695,501.991
377,21815,265,0,171,12,2,502,14.9695,2135.241
378,5099,600,0,134,12,1,502,14.9695,1139.496
379,10172,2969,0,66,12,1:2,502,14.9695,109.267
380,4578,10972,0,460,12,1,502,14.9695,3121.730
381,7524,10414,0,470,12,1,502,14.9695,5667.277
382,12477,7487,0,51,12,2:1,502,14.9695,379.685
383,2937,4441,0,180,12,1,502,14.9695,2006.254
384,22311,1208,0,489,12,2,502,14.9695,3659.200
385,23375,1374,0,240,12,2,502,14.9695,656.689
386,2695,11905,0,444,12,1,502,14.9695,833.160
387,12633,1174,0,372,12,2:1,502,14.9695,3584.185
388,17335,1580,0,451,12,2,502,14.9695,5589.807
389,9401,4998,0,270,12,1:2,502,14.9695,617.266
390,7137,5927,0,190,12,1,502,14.9695,2755.242
391,10738,7124,0,14,12,1:2,502,14.9695,149.162
392,6584,2420,0,88,12,1,502,14.9695,1194.221
393,19949,512,0,114,12,2,502,14.9695,837.034
394,9246,11313,0,235,12,1,502,14.9695,1549.039
395,3021,10353,0,181,12,1,502,14.9695,1988.222
396,21732,6457,0,309,12,2,502,14.9695,3204.642
397,10202,5172,0,189,12,1:2,502,14.9695,2579.861
398,19588,5246,0,425,12,2,502,14.9695,1652.277
399,17188,673,0,70,12,2,502,14.9695,736.870
400,6330,7785,0,496,12,1,502,14.9695,3583.588
401,14862,8680,0,369,12,2,502,14.9695,3032.703
402,4462,11343,0,279,12,1,502,14.9695,2134.011
403,7122,3869,0,161,12,1,502,14.9695,659.961
404,7596,4358,0,416,12,1,502,14.9695,1856.056
405,22323,8146,0,323,12,2,502,14.9695,116.561
406,23490,11630,0,175,12,2,502,14.9695,1109.176
407,16169,1616,0,191,12,2,502,14.9695,38.161
408,8378,1687,0,390,12,1,502,14.9695,2020.324
409,21056,5870,0,285,12,2,502,14.9695,255.295
410,19512,7446,0,224,12,2,502,14.9695,2663.710
411,22052,1546,0,146,12,2,502,14.9695,496.223
412,5668,4209,0,174,12,1,502,14.9695,946.671
413,20426,9389,0,123,12,2,502,14.9695,310.428
414,3464,608,0,255,12,1,502,14.9695,2161.192
415,18524,919,0,51,12,2,502,14.9695,245.718
416,21172,359,0,240,12,2,502,14.9695,788.331
417,11449,6297,0,116,12,1:2,502,14.9695,881.411
418,8073,7754,0,470,12,1,502,14.9695,3908.295
419,10239,5878,0,30,12,1:2,502,14.9695,89.102
420,10434,6708,0,22,12,1:2,502,14.9695,176.782
421,13153,6450,0,32,12,2:1,502,14.9695,76.433
422,15136,9660,0,71,12,2,502,14.9695,916.502
423,20860,10226,0,220,12,2,502,14.9695,990.548
424,21896,2657,0,494,12,2,502,14.9695,3270.729
425,13847,4105,0,246,12,2:1,502,14.9695,1539.096
426,19123,1465,0,331,12,2,502,14.9695,2619.633
427,22972,9732,0,92,12,2,502,14.9695,861.271
428,510,3025,0,369,12,1,502,14.9695,4548.169
429,1342,6015,0,25,12,1,502,14.9695,310.966
430,4637,7802,0,406,12,1,502,14.9695,2104.099
431,6291,11695,0,28,12,1,502,14.9695,324.633
432,21489,8194,0,274,12,2,502,14.9695,3813.385
433,7435,3816,0,33,12,1,502,14.9695,216.380
434,2677,6953,0,124,12,1,502,14.9695,827.905
435,8070,1436,0,283,12,1,502,14.9695,1165.942
436,20817,9394,0,358,12,2,502,14.9695,731.268
437,3858,1049,0,277,12,1,502,14.9695,1593.635
438,10082,9887,0,498,12,1:2,502,14.9695,1205.624
439,10602,3435,0,278,12,1:2,502,14.9695,3343.414
440,373,2636,0,464,12,1,502,14.9695,803.069
441,22621,1525,0,391,12,2,502,14.9695,4517.429
442,11265,872,0,343,12,1:2,502,14.9695,3992.425
443,8196,11369,0,294,12,1,502,14.9695,123.695
444,20001,10447,0,238,12,2,502,14.9695,2904.049
445,15158,621,0,33,12,2,502,14.9695,377.526
446,22768,7667,0,210,12,2,502,14.9695,2818.942
447,12373,4831,0,372,12,2:1,502,14.9695,5018.652
448,13186,7982,0,444,12,2:1,502,14.9695,2860.131
449,12470,9503,0,134,12,2:1,502,14.9695,274.116
450,16845,7891,0,194,12,2,502,14.9695,17.392
451,9336,4809,0,421,12,1:2,502,14.9695,1830.763
452,5696,8741,0,142,12,1,502,14.9695,1652.208
453,991,6570,0,322,12,1,502,14.9695,756.626
454,3603,7524,0,119,12,1,502,14.9695,1016.872
455,16197,2040,0,93,12,2,502,14.9695,803.320
456,23337,5135,0,437,12,2,502,14.9695,5906.038
457,22459,4366,0,104,12,2,502,14.9695,742.142
458,10087,3198,0,467,12,1:2,502,14.9695,4562.313
459,14502,4132,0,147,12,2:1,502,14.9695,592.456
460,3481,4355,0,253,12,1,502,14.9695,3247.374
461,745,5969,0,230,12,1,502,14.9695,1069.574
462,19670,6772,0,169,12,2,502,14.9695,1962.027
463,13788,9060,0,208,12,2:1,502,14.9695,161.515
464,21697,1823,0,120,12,2,502,14.9695,1219.886
465,9189,6852,0,414,12,1:2,502,14.9695,5485.136
466,1874,4887,0,221,12,1,502,14.9695,3139.717
467,14199,1510,0,131,12,2,502,14.9695,1096.429
468,2698,6464,0,368,12,1,502,14.9695,2209.660
469,18022,7846,0,17,12,2,502,14.9695,198.368
470,7923,7616,0,293,12,1,502,14.9695,1952.346
471,20121,1407,0,430,12,2,502,14.9695,2278.091
472,7842,3287,0,114,12,1,502,14.9695,352.731
473,18061,892,0,299,12,2,502,14.9695,68.738
474,6353,6824,0,173,12,1,502,14.9695,1514.059
475,19681,2387,0,245,12,2,502,14.9695,2303.337
476,9485,8957,0,501,12,1:2,502,14.9695,3045.417
477,3595,1832,0,128,12,1,502,14.9695,100.136
478,21621,6016,0,251,12,2,502,14.9695,3002.415
479,16946,11850,0,158,12,2,502,14.9695,296.924
480,21390,2236,0,89,12,2,502,14.9695,669.076
481,13377,9391,0,451,12,2:1,502,14.9695,3292.769
482,15417,8257,0,84,12,2,502,14.9695,279.715
483,20365,859,0,499,12,2,502,14.9695,6867.477
484,23024,1491,0,252,12,2,502,14.9695,3416.332
485,12059,10513,0,193,12,2:1,502,14.9695,1063.462
486,8625,7388,0,340,12,1:2,502,14.9695,1021.357
487,15311,4707,0,380,12,2,502,14.9695,2512.963
488,19845,8055,0,150,12,2,502,14.9695,1087.433
489,763,8985,0,385,12,1,502,14.9695,965.247
490,23066,5734,0,412,12,2,502,14.9695,1680.996
491,10951,8385,0,238,12,1:2,502,14.9695,3182.697
492,4559,3644,0,208,12,1,502,14.9695,2484.167
493,8216,6277,0,11,12,1:2,502,14.9695,107.847
494,17843,4163,0,26,12,2,502,14.9695,47.020
495,23014,2180,0,229,12,2,502,14.9695,3403.739
496,20022,7910,0,62,12,2,502,14.9695,518.685
497,21423,849,0,222,12,2,502,14.9695,2171.442
498,1671,10913,0,10,12,1,502,14.9695,53.234
499,11525,6470,0,409,12,1:2,502,14.9695,2471.961
500,6481,4558,0,367,12,1,502,14.9695,2221.536
501,15908,1559,0,495,12,2,502,14.9695,7291.633
502,720,9582,0,298,12,1,502,14.9695,1956.409
503,2739,12012,0,79,12,1,502,14.9695,1070.742
504,6059,10578,0,71,12,1,502,14.9695,1009.761
505,21532,5455,0,152,12,2,502,14.9695,123.912
506,20208,6897,0,261,12,2,502,14.9695,2249.310
507,17298,6490,0,436,12,2,502,14.9695,2764.393
508,20104,2333,0,127,12,2,502,14.9695,1671.450
509,9824,11455,0,349,12,1,502,14.9695,2505.456
510,16571,9035,0,455,12,2,502,14.9695,2407.668
511,3664,9823,0,382,12,1,502,14.9695,1208.743
512,7689,828,0,42,12,1,502,14.9695,427.169
513,23107,2044,0,2,12,2,502,14.9695,13.924
514,6887,5317,0,31,12,1,502,14.9695,373.063
515,8739,7385,0,445,12,1:2,502,14.9695,2644.986
516,22516,4764,0,498,12,2,502,14.9695,4731.678
517,21423,2424,0,458,12,2,502,14.9695,1228.239
518,1872,7142,0,284,12,1,502,14.9695,629.628
519,18260,2746,0,436,12,2,502,14.9695,1057.760
520,23237,1540,0,5,12,2,502,14.9695,59.355
521,4788,7592,0,9,12,1,502,14.9695,120.248
522,20123,617,0,393,12,2,502,14.9695,4875.256
523,20705,1011,0,278,12,2,502,14.9695,3716.119
524,14402,8629,0,319,12,2:1,502,14.9695,2951.886
525,14491,2735,0,467,12,2,502,14.9695,2856.649
526,5592,9648,0,218,12,1,502,14.9695,2402.881
527,2022,4816,0,117,12,1,502,14.9695,726.768
528,12835,9234,0,249,12,2:1,502,14.9695,661.940
529,18222,4250,0,218,12,2,502,14.9695,2303.831
530,1624,11956,0,355,12,1,502,14.9695,1750.280
531,1785,9226,0,156,12,1,502,14.9695,1224.419
532,17825,11902,0,502,12,2,502,14.9695,2124.758
533,6931,4967,0,332,12,1,502,14.9695,3061.465
534,18368,3387,0,307,12,2,502,14.9695,442.487
535,9718,10376,0,99,12,1:2,502,14.9695,927.009
536,494,5410,0,164,12,1,502,14.9695,1400.961
537,8063,8447,0,32,12,1,502,14.9695,105.156
538,22218,9316,0,64,12,2,502,14.9695,240.480
539,21456,4911,0,462,12,2,502,14.9695,1081.520
540,21908,11150,0,470,12,2,502,14.9695,4541.950
541,22221,917,0,185,12,2,502,14.9695,522.986
542,6681,1238,0,66,12,1,502,14.9695,216.526
543,9093,116,0,24,12,1,502,14.9695,257.366
544,10675,251,0,170,12,1:2,502,14.9695,2114.688
545,5593,7904,0,116,12,1,502,14.9695,182.170
546,22728,4505,0,346,12,2,502,14.9695,3976.242
547,20899,11761,0,492,12,2,502,14.9695,791.341
548,3266,3041,0,53,12,1,502,14.9695,729.108
549,2049,1948,0,119,12,1,502,14.9695,336.827
550,10604,8362,0,267,12,1:2,502,14.9695,3434.851
551,16609,8556,0,344,12,2,502,14.9695,2286.117
552,4848,1865,0,64,12,1,502,14.9695,58.501
553,5116,9972,0,244,12,1,502,14.9695,2154.991
554,20243,6523,0,92,12,2,502,14.9695,625.380
555,8226,8059,0,195,12,1,502,14.9695,2048.912
556,21200,10454,0,412,12,2,502,14.9695,5337.605
557,17137,6533,0,468,12,2,502,14.9695,2214.241
558,10643,5907,0,4,12,1:2,502,14.9695,37.933
559,1603,2824,0,220,12,1,502,14.9695,3144.560
560,12410,2938,0,431,12,2:1,502,14.9695,5943.399
561,1178,2488,0,161,12,1,502,14.9695,2087.243
562,700,11859,0,278,12,1,502,14.9695,3790.554
563,681,3591,0,386,12,1,502,14.9695,4471.300
564,20973,3164,0,164,12,2,502,14.9695,971.092
565,12339,10641,0,254,12,2:1,502,14.9695,2277.519
566,5409,6611,0,113,12,1,502,14.9695,1001.033
567,14609,5064,0,420,12,2:1,502,14.9695,1012.066
568,6727,5061,0,223,12,1,502,14.9695,437.992
569,11571,5240,0,477,12,1:2,502,14.9695,4745.809
570,2049,11821,0,446,12,1,502,14.9695,3903.190
571,22324,3306,0,302,12,2,502,14.9695,1946.871
572,5879,5780,0,226,12,1,502,14.9695,907.968
573,15340,7572,0,388,12,2,502,14.9695,3671.552
574,14895,1387,0,35,12,2,502,14.9695,39.738
575,12221,1247,0,442,12,2:1,502,14.9695,201.426
576,8074,10079,0,228,12,1,502,14.9695,3301.431
577,12882,7912,0,299,12,2:1,502,14.9695,4200.408
578,15965,11028,0,404,12,2,502,14.9695,3931.064
579,12356,3598,0,458,12,2:1,502,14.9695,949.257
580,6993,10565,0,210,12,1,502,14.9695,985.704
581,15020,5531,0,24,12,2:1,502,14.9695,178.877
582,10766,522,0,297,12,1:2,502,14.9695,3765.051
583,20411,8783,0,147,12,2,502,14.9695,727.233
584,1114,816,0,295,12,1,502,14.9695,2007.739
585,7821,9229,0,444,12,1,502,14.9695,6609.542
586,12213,667,0,235,12,2:1,502,14.9695,1291.941
587,12465,10293,0,212,12,2:1,502,14.9695,635.531
588,13274,7639,0,343,12,2:1,502,14.9695,1812.898
589,22417,6885,0,96,12,2,502,14.9695,706.055
590,6335,111,0,370,12,1,502,14.9695,4666.228
591,10259,7150,0,341,12,1:2,502,14.9695,4005.700
592,10388,5748,0,301,12,1:2,502,14.9695,2186.102
593,9003,695,0,291,12,1,502,14.9695,1409.031
594,8913,4688,0,194,12,1:2,502,14.9695,569.789
595,687,10953,0,270,12,1,502,14.9695,3876.946
596,15888,3875,0,398,12,2,502,14.9695,4869.096
597,3659,9626,0,488,12,1,502,14.9695,7136.280
598,3986,5833,0,409,12,1,502,14.9695,4231.962
599,18802,1085,0,257,12,2,502,14.9695,1846.325
600,6803,4416,0,360,12,1,502,14.9695,1970.515
601,18179,822,0,331,12,2,502,14.9695,2182.526
602,15357,6478,0,193,12,2,502,14.9695,2786.529
603,14,9781,0,21,12,1,502,14.9695,84.313
604,20623,3599,0,104,12,2,502,14.9695,661.545
605,14615,1497,0,294,12,2,502,14.9695,1381.366
606,17858,2053,0,86,12,2,502,14.9695,866.420
607,21329,4265,0,96,12,2,502,14.9695,1317.575
608,6116,4018,0,249,12,1,502,14.9695,3421.170
609,13432,12024,0,233,12,2,502,14.9695,159.660
610,11322,2483,0,495,12,1:2,502,14.9695,1768.556
611,21792,2967,0,448,12,2,502,14.9695,4742.627
612,13766,8481,0,20,12,2:1,502,14.9695,189.437
613,19065,2564,0,74,12,2,502,14.9695,551.077
614,12152,8650,0,162,12,2:1,502,14.9695,1072.986
615,10631,6774,0,399,12,1:2,502,14.9695,4311.869
616,373,6953,0,89,12,1,502,14.9695,601.013
617,12296,11096,0,350,12,2:1,502,14.9695,1438.704
618,13458,1749,0,332,12,2:1,502,14.9695,3671.494
619,5306,4319,0,95,12,1,502,14.9695,529.409
620,1525,1629,0,387,12,1,502,14.9695,5375.688
621,5058,8726,0,381,12,1,502,14.9695,2149.709
622,3358,4214,0,480,12,1,502,14.9695,2108.136
623,18629,3658,0,433,12,2,502,14.9695,5446.318
624,7648,131,0,171,12,1,502,14.9695,807.127
625,17481,9415,0,129,12,2,502,14.9695,1855.511
626,8114,7345,0,456,12,1,502,14.9695,1894.297
627,14188,2004,0,2,12,2,502,14.9695,2.682
628,8205,230,0,174,12,1,502,14.9695,1817.217
629,18303,6657,0,363,12,2,502,14.9695,3782.860
630,6525,3207,0,41,12,1,502,14.9695,503.286
631,22095,9942,0,437,12,2,502,14.9695,5170.666
632,17973,5747,0,472,12,2,502,14.9695,6863.425
633,13044,837,0,215,12,2:1,502,14.9695,2981.432
634,22533,4106,0,48,12,2,502,14.9695,701.059
635,22883,1598,0,147,12,2,502,14.9695,1754.226
636,16056,2138,0,114,12,2,502,14.9695,929.441
637,13737,10697,0,16,12,2:1,502,14.9695,197.929
638,3948,101,0,301,12,1,502,14.9695,1612.093
639,15508,107,0,453,12,2,502,14.9695,1645.380
640,19535,6689,0,53,12,2,502,14.9695,194.594
641,20989,2605,0,491,12,2,502,14.9695,2710.781
642,959,3169,0,214,12,1,502,14.9695,16.463
643,3076,2578,0,296,12,1,502,14.9695,2117.708
644,3921,9244,0,412,12,1,502,14.9695,4498.886
645,7461,9651,0,261,12,1,502,14.9695,3322.963
646,14902,10975,0,315,12,2,502,14.9695,2922.891
647,15207,1553,0,281,12,2,502,14.9695,2399.454
648,22040,8172,0,42,12,2,502,14.9695,325.946
649,11808,5030,0,380,12,2:1,502,14.9695,121.150
650,12560,11226,0,87,12,2:1,502,14.9695,426.856
651,20275,4918,0,343,12,2,502,14.9695,2867.188
652,12279,4406,0,428,12,2:1,502,14.9695,2693.896
653,5180,9863,0,73,12,1,502,14.9695,75.815
654,787,7877,0,364,12,1,502,14.9695,5264.885
655,8666,3192,0,65,12,1:2,502,14.9695,445.941
656,11089,11449,0,51,12,1:2,502,14.9695,123.868
657,13407,4167,0,478,12,2:1,502,14.9695,1280.568
658,10997,9112,0,444,12,1:2,502,14.9695,3334.710
659,5771,518,0,416,12,1,502,14.9695,1214.432
660,554,4563,0,403,12,1,502,14.9695,571.688
661,8473,11007,0,323,12,1,502,14.9695,1152.813
662,9659,3636,0,55,12,1:2,502,14.9695,225.992
663,15729,10155,0,419,12,2,502,14.9695,530.526
664,940,1404,0,237,12,1,502,14.9695,2113.436
665,18544,10693,0,82,12,2,502,14.9695,951.906
666,9566,10385,0,422,12,1:2,502,14.9695,3298.260
667,13175,6429,0,491,12,2:1,502,14.9695,3939.687
668,16159,10001,0,214,12,2,502,14.9695,450.772
669,5911,3378,0,224,12,1,502,14.9695,1353.365
670,7745,12015,0,123,12,1,502,14.9695,858.549
671,19437,155,0,159,12,2,502,14.9695,1563.111
672,1468,4155,0,154,12,1,502,14.9695,1078.382
673,21816,414,0,145,12,2,502,14.9695,63.476
674,22092,6919,0,320,12,2,502,14.9695,3673.330
675,18875,8716,0,176,12,2,502,14.9695,2055.677
676,7342,5562,0,264,12,1,502,14.9695,2689.972
677,10707,11984,0,342,12,1:2,502,14.9695,4300.749
678,11654,5519,0,38,12,2:1,502,14.9695,402.569
679,6061,7352,0,170,12,1,502,14.9695,1413.795
680,20198,5754,0,318,12,2,502,14.9695,3933.904
681,22995,4921,0,105,12,2,502,14.9695,1234.664
682,20744,7698,0,33,12,2,502,14.9695,252.459
683,17007,4419,0,287,12,2,502,14.9695,851.091
684,19837,11943,0,307,12,2,502,14.9695,3339.801
685,10434,10747,0,447,12,1:2,502,14.9695,1.471
686,8335,3889,0,20,12,1,502,14.9695,9.916
687,5292,9151,0,236,12,1,502,14.9695,3281.284
688,22121,9066,0,434,12,2,502,14.9695,139.510
689,10790,3521,0,69,12,1:2,502,14.9695,597.723
690,4248,11745,0,234,12,1,502,14.9695,1285.429
691,13471,702,0,490,12,2,502,14.9695,5061.048
692,12184,8825,0,354,12,2:1,502,14.9695,4417.915
693,7939,2741,0,8,12,1,502,14.9695,8.622
694,9205,1538,0,247,12,1:2,502,14.9695,1312.896
695,21371,5974,0,138,12,2,502,14.9695,1888.593
696,18507,6981,0,286,12,2,502,14.9695,1130.589
697,21670,6259,0,236,12,2,502,14.9695,2462.832
698,286,3938,0,403,12,1,502,14.9695,1464.755
699,7127,7516,0,90,12,1,502,14.9695,485.421
700,12775,7530,0,6,12,2:1,502,14.9695,48.352
701,21215,2419,0,427,12,2,502,14.9695,1534.678
702,5550,218,0,386,12,1,502,14.9695,2853.884
703,4489,1168,0,429,12,1,502,14.9695,5549.042
704,16075,7695,0,164,12,2,502,14.9695,1820.719
705,11850,543,0,325,12,2:1,502,14.9695,3656.530
706,626,2460,0,153,12,1,502,14.9695,27.936
707,20148,8979,0,367,12,2,502,14.9695,3593.045
708,23574,9233,0,71,12,2,502,14.9695,617.607
709,23107,234,0,434,12,2,502,14.9695,5260.584
710,21676,2809,0,423,12,2,502,14.9695,461.764
711,14246,8868,0,502,12,2:1,502,14.9695,4975.571
712,16917,8783,0,356,12,2,502,14.9695,1384.806
713,10431,3813,0,238,12,1:2,502,14.9695,1455.760
714,18452,9332,0,134,12,2,502,14.9695,306.251
715,10660,8027,0,484,12,1:2,502,14.9695,2735.161
716,12832,6007,0,413,12,2:1,502,14.9695,313.340
717,12393,3778,0,362,12,2:1,502,14.9695,612.191
718,7972,2485,0,433,12,1,502,14.9695,1971.279
719,14769,4584,0,383,12,2:1,502,14.9695,1839.623
720,8272,8340,0,126,12,1,502,14.9695,9.642
721,15021,6670,0,138,12,2:1,502,14.9695,1632.021
722,17359,10671,0,268,12,2,502,14.9695,2944.743
723,23073,818,0,289,12,2,502,14.9695,1452.059
724,17046,4534,0,141,12,2,502,14.9695,1827.258
725,17064,3348,0,17,12,2,502,14.9695,54.126
726,3522,870,0,416,12,1,502,14.9695,1204.026
727,22345,1606,0,57,12,2,502,14.9695,442.551
728,20967,3349,0,485,12,2,502,14.9695,5201.707
729,7590,2968,0,216,12,1,502,14.9695,1896.280
730,18794,2384,0,81,12,2,502,14.9695,125.251
731,12509,680,0,89,12,2:1,502,14.9695,873.594
732,7110,4456,0,395,12,1,502,14.9695,5404.143
733,1502,4608,0,440,12,1,502,14.9695,1250.057
734,16497,8452,0,299,12,2,502,14.9695,4365.357
735,15437,8625,0,314,12,2,502,14.9695,1518.435
736,14228,10914,0,23,12,2,502,14.9695,80.898
737,623,4667,0,502,12,1,502,14.9695,6051.228
738,11606,2024,0,453,12,2:1,502,14.9695,5062.585
739,6493,168,0,69,12,1,502,14.9695,244.047
740,14164,2566,0,446,12,2:1,502,14.9695,1816.899
741,21112,3992,0,476,12,2,502,14.9695,6800.161
742,19870,2063,0,61,12,2,502,14.9695,186.794
743,18994,9054,0,334,12,2,502,14.9695,824.752
744,4095,11923,0,101,12,1,502,14.9695,424.659
745,5817,7318,0,322,12,1,502,14.9695,2328.731
746,1772,10488,0,438,12,1,502,14.9695,1937.555
747,11571,3019,0,8,12,2:1,502,14.9695,38.924
748,16658,2864,0,399,12,2,502,14.9695,4959.489
749,3790,11543,0,403,12,1,502,14.9695,621.202
750,4819,10074,0,348,12,1,502,14.9695,2144.573
751,15151,4943,0,16,12,2,502,14.9695,174.047
752,19342,1396,0,243,12,2,502,14.9695,3439.699
753,17049,10329,0,189,12,2,502,14.9695,1450.866
754,1147,8041,0,355,12,1,502,14.9695,4174.014
755,9319,3284,0,114,12,1:2,502,14.9695,100.519
756,4697,6855,0,500,12,1,502,14.9695,7103.299
757,21710,7915,0,425,12,2,502,14.9695,5332.547
758,8060,4174,0,336,12,1,502,14.9695,1647.084
759,9335,4108,0,172,12,1:2,502,14.9695,663.136
760,4074,8053,0,384,12,1,502,14.9695,4201.868
761,3294,5074,0,154,12,1,502,14.9695,1373.499
762,23200,5996,0,197,12,2,502,14.9695,953.769
763,2483,9550,0,231,12,1,502,14.9695,1627.356
764,15489,4950,0,121,12,2,502,14.9695,1413.921
765,16099,6740,0,134,12,2,502,14.9695,1061.346
766,3490,11890,0,456,12,1,502,14.9695,252.391
767,11204,8460,0,471,12,1:2,502,14.9695,6443.555
768,9598,4806,0,255,12,1:2,502,14.9695,929.381
769,6121,9243,0,141,12,1,502,14.9695,860.366
770,2327,4377,0,275,12,1,502,14.9695,626.970
771,72,10604,0,285,12,1,502,14.9695,2761.134
772,11218,2245,0,361,12,1:2,502,14.9695,4845.176
773,11257,11180,0,293,12,1:2,502,14.9695,2767.504
774,9995,4671,0,302,12,1:2,502,14.9695,3305.048
775,14619,5744,0,355,12,2:1,502,14.9695,436.970
776,8594,10026,0,74,12,1,502,14.9695,59.027
777,12532,899,0,118,12,2:1,502,14.9695,253.190
778,2650,4740,0,188,12,1,502,14.9695,946.562
779,3051,975,0,327,12,1,502,14.9695,1623.031
780,14797,2077,0,59,12,2,502,14.9695,553.197
781,3951,8733,0,7,12,1,502,14.9695,71.605
782,17862,8134,0,222,12,2,502,14.9695,2306.531
783,18242,8573,0,362,12,2,502,14.9695,3788.095
784,18316,11199,0,268,12,2,502,14.9695,2255.914
785,19618,7533,0,77,12,2,502,14.9695,200.046
786,15497,10487,0,85,12,2,502,14.9695,815.609
787,22327,11312,0,205,12,2,502,14.9695,2556.794
788,5811,6560,0,140,12,1,502,14.9695,1094.872
789,21336,7539,0,229,12,2,502,14.9695,581.013
790,16882,11302,0,486,12,2,502,14.9695,5963.304
791,7935,6047,0,211,12,1,502,14.9695,83.810
792,4818,8359,0,194,12,1,502,14.9695,1000.089
793,5007,7705,0,478,12,1,502,14.9695,270.981
794,14541,11799,0,152,12,2,502,14.9695,1961.898
795,14960,1197,0,493,12,2,502,14.9695,2229.295
796,851,10408,0,460,12,1,502,14.9695,3948.870
797,10460,2867,0,16,12,1:2,502,14.9695,190.651
798,22437,8311,0,408,12,2,502,14.9695,4906.455
799,11595,7042,0,251,12,1:2,502,14.9695,2472.266
800,1698,6662,0,299,12,1,502,14.9695,2903.514